Workbook

Sheet MASTER DATA
A1: Material | B1: Material Description | C1: Storage Location | D1: Batch | E1: UPP | F1: VOLUME
A2: 550062461 | B2: Advan4TAX710W40SNMA2_12*0.8L_A04W | C2: WHS1 | D2: UT | E2: 48 | F2: 9.6
A3: 550070612 | B3: HlxHX610W40SP_12*1L_A04W | C3: WHS1 | D3: UT | E3: 44 | F3: 12
A4: 550070614 | B4: HlxHX610W40SP_4*4L_A04W | C4: WHS1 | D4: UT | E4: 36 | F4: 16
A5: 550053782 | B5: RimR5E10W40CI4228.3_4*4L_A734 | C5: WHS1 | D5: UT | E5: 36 | F5: 16
A6: 550058593 | B6: Adv4TAX515W40SLMA2_12*0.8L_A04W | C6: WHS1 | D6: UT | E6: 48 | F6: 9.6
A7: 550044709 | B7: Adv4TAX5Sc10W30SLMB_12*0.8L_A04W | C7: WHS1 | D7: UT | E7: 48 | F7: 9.6
A8: 550048593 | B8: Adv4TAX5Sc20W40MB_12*0.8L_A04W | C8: WHS1 | D8: UT | E8: 48 | F8: 9.6
A9: 550050072 | B9: RimLD4Extra15W40CI4_3*5L_A04W | C9: WHS1 | D9: UT | E9: 36 | F9: 15
A10: 550062455 | B10: AdvaPowerV15W50SNMA2_12*1L_A04W | C10: WHS1 | D10: UT | E10: 44 | F10: 12
A11: 550062464 | B11: Adv4TAX7Sc10W30SNMB_12*0.8L_A04W | C11: WHS1 | D11: UT | E11: 48 | F11: 9.6
A12: 550024959 | B12: Refrig S2 FR-A 68_1*209L_A227 | C12: WHS1 | D12: UT | E12: 4 | F12: 209
A13: 550056225 | B13: IAGO DEO 15W-40 CI4_12*1L_A423 | C13: WHS1 | D13: UT | E13: 44 | F13: 12
... A157: 550025044 | B157: Spirax S2 A 85W-140_1*209L_A227 | C157: WHS1 | D157: UT | E157: 4 | F157: 209
A158: 550025702 | B158: Refrig S4 FR-V 68_1*20L_A1P5 | C158: WHS1 | D158: UT | E158: 24 | F158: 20 | G158: pail
A159: 550027031 | B159: Gadus S2 V220 2_1*18kg_A227 | C159: WHS1 | D159: UT | E159: 24 | F159: 18 | G159: pail
A160: 550027265 | B160: Corena S4 P 100_1*20L_A1P5 | C160: WHS1 | D160: UT | E160: 24 | F160: 20 | G160: pail
A161: 550075025 | B161: ShellCoolExtraRTU_12*0.65L_A410 | C161: WHS1 | D161: UT | E161: 48 | F161: 7.8 | G161: CAR
A162: 550045086 | B162: Tellus S2 MX 100_1*209L_A227 | C162: WHS1 | D162: UT | E162: 4 | F162: 209
A163: 550047464 | B163: Omala S4 GXV 680_1*209L_A227 | C163: WHS1 | D163: UT | E163: 4 | F163: 209
A164: 550025675 | B164: Gadus S2 V220AC 2_1*180kg_A227 | C164: WHS1 | D164: UT | E164: 4 | F164: 180 | G164: EA
A165: 550032917 | B165: Turbo T 46_1*209L_A227 | C165: WHS1 | D165: UT | E165: 4 | F165: 209 | G165: EA
A166: 550025358 | B166: Spirax S3 G 80W_12*1L_A04W | C166: WHS1 | D166: UT | E166: 44 | F166: 12
A167: 550072297 | B167: HelixPowerV0W40SP_4*4L_A04W | C167: WHS1 | D167: UT | E167: 36 | F167: 16
A168: 550062631 | B168: KawaSemiSyn10W40SLMA_12*1L_A734 | C168: WHS1 | D168: UT | E168: 44 | F168: 12
A169: 550062285 | B169: Gadus S3 V460DM 2_1*770kg_A227 | C169: WHS1 | D169: UT | E169: 1 | F169: 770
A170: 550075616 | B170: SHELLCOOLELCHDRTU Y_1*205L_A04W | C170: WHS1 | D170: UT | E170: 4 | F170: 205
A171: 550044623 | B171: Rimula R2 10W (CF)_1*209L_A227 | C171: WHS1 | D171: UT | E171: 4 | F171: 209
A172: 550024918 | B172: Spirax S4 CX 10W_1*209L_A227 | C172: WHS1 | D172: UT | E172: 4 | F172: 209
A173: 550077498 | B173: HlxUltSQ0W20dexos_12*1L_A04W | C173: WHS1 | D173: UT | E173: 44 | F173: 12
A174: 550077927 | B174: HlxHX610W30SP_4*4L_A04W | C174: WHS1 | D174: UT | E174: 36 | F174: 16
A175: 550041490 | B175: Omala S2 GX 150_1*209L_A227 | C175: WHS1 | D175: UT | E175: 4 | F175: 209
A176: 550027051 | B176: Gadus S2 V100 2_1*180kg_A227 | C176: WHS1 | D176: UT | E176: 4 | F176: 180
A177: 550053106 | B177: HelixAST0W20SNGF5_12*1L_A04W | C177: WHS1 | D177: UT | E177: 44 | F177: 12
... A182: 550076426 | B182: MIDEL 7131_1*1000L_A1P5 | C182: WHS1 | D182: UT | E182: 1 | F182: 1000
A183: 550045081 | B183: Tellus S2 VX 100_1*209L_A227 | E183: 4 | F183: 209
A184: 550047463 | B184: Omala S4 GXV 460 1*209L | C184: WHS1 | D184: UT | E184: 4 | F184: 209
A185: 550053104 | B185: HelixAst5W30_SP_12*1L_A04W | C185: WHS1 | D185: UT | E185: 44 | F185: 12
A186: 550077926 | B186: HlxHX610W30SP_12*1L_A04W | C186: WHS1 | D186: UT | E186: 44 | F186: 12
A187: 550069979 | B187: HlxUltSP5W30SP_12*1L_A04W | C187: CAR | E187: 44 | F187: 12
A188: 550027259 | B188: Adv4TAX7Sc10W40SNMB_12*1L_A04W | C188: CAR | E188: 44 | F188: 770
A189: 550025024 | B189: Tellus S3 M 46_1*209L_A227 | C189: EA | E189: 4 | F189: 209
A190: 550026251 | B190: Spirax S3 AD 80W-90_1*209L_A227 | C190: EA | E190: 4 | F190: 209
A191: 550057669 | B191: Iveco GO FE 75W-80_1*209L_A815 | C191: EA | E191: 4 | F191: 209
A192: 550077627 | B192: HelixUltraECT5W30_12*1L_A04W | C192: WHS1 | D192: UT | E192: 44 | F192: 12

Sheet data level A
A2: Remain Qty | B2: (Multiple Items)
A3: sss | B3: A
A5: Sum of Remain Qty
A6: Item | B6: Description | C6: Lokasi | D6: Total
A7: 550024918 | B7: Spirax S4 CX 10W_1*209L_A227 | C7: CD40A02 | D7: 2
A8: 550024921 | B8: Spirax S2 G 90_1*209L_A227 | C8: CB03A01 | D8: 3
B9: Spirax S2 G 90_1*209L_A227 | C9: CD10A01 | D9: 4
A10: 550024929 | B10: Spirax S2 A 90_1*209L_A227 | C10: CB12A02 | D10: 2
B11: Spirax S2 A 90_1*209L_A227 | C11: CB39A01 | D11: 2
A12: 550024953 | B12: Corena S4 R 68_1*209L_A227 | C12: CB08A01 | D12: 2
B13: Corena S4 R 68_1*209L_A227 | C13: CD25A02 | D13: 3
A14: 550024992 | B14: Corena S2 P 100_1*209L_A227 | C14: CB08A02 | D14: 1
A15: 550025043 | B15: Spirax S2 A 80W-90_1*209L_A227 | C15: CD21A02 | D15: 2
A16: 550025044 | B16: Spirax S2 A 85W-140_1*209L_A227 | C16: CB24A01 | D16: 1
B17: Spirax S2 A 85W-140_1*209L_A227 | C17: CD33A02 | D17: 1
B18: Spirax S2 A 85W-140_1*209L_A227 | C18: CE18A02 | D18: 1
A19: 550025058 | B19: Spirax S2 G 90_4*4L_A04W | C19: CD07A02 | D19: 6
A20: 550025358 | B20: Spirax S3 G 80W_12*1L_A04W | C20: CD01A02 | D20: 7
A21: 550027044 | B21: Gadus S3 V220C 3_1*18kg_A227 | C21: CB35A01 | D21: 5
A22: 550027259 | B22: Gadus S2 V220 2_1*770kg_A227 | C22: CD22A01 | D22: 1
B23: Gadus S2 V220 2_1*770kg_A227 | C23: CD22A02 | D23: 1
B24: Gadus S2 V220 2_1*770kg_A227 | C24: CD23A01 | D24: 1
B25: Gadus S2 V220 2_1*770kg_A227 | C25: CD23A02 | D25: 1
B26: Gadus S2 V220 2_1*770kg_A227 | C26: CD39A01 | D26: 1
B27: Gadus S2 V220 2_1*770kg_A227 | C27: CE27A02 | D27: 1
B28: Gadus S2 V220 2_1*770kg_A227 | C28: CE28A02 | D28: 1
B29: Gadus S2 V220 2_1*770kg_A227 | C29: CE30A02 | D29: 1
B30: Gadus S2 V220 2_1*770kg_A227 | C30: CE31A02 | D30: 1
B31: Gadus S2 V220 2_1*770kg_A227 | C31: CE35A01 | D31: 1
B32: Gadus S2 V220 2_1*770kg_A227 | C32: CE35A02 | D32: 1
B33: Gadus S2 V220 2_1*770kg_A227 | C33: CE37A01 | D33: 1
A34: 550032917 | B34: Turbo T 46_1*209L_A227 | C34: CB32A02 | D34: 2
B35: Turbo T 46_1*209L_A227 | C35: CD05A01 | D35: 4
B36: Turbo T 46_1*209L_A227 | C36: CE04A02 | D36: 1
A37: 550036050 | B37: Mysella S5 N 40_1*209L_A227 | C37: CB09A01 | D37: 1
A38: 550037752 | B38: Helix HX320W50SLCF_12*1L_A04W | C38: CE24A01 | D38: 19
A39: 550038021 | B39: Helix HX320W50SLCF_4*4L_A04W | C39: CE23A02 | D39: 18
A40: 550041492 | B40: Omala S2 GX 220_1*209L_A227 | C40: CB29A02 | D40: 3
A41: 550044360 | B41: RimR4X15W40CI4E7DH1_1*209L_A227 | C41: CB06A01 | D41: 4
B42: RimR4X15W40CI4E7DH1_1*209L_A227 | C42: CB07A01 | D42: 4
B43: RimR4X15W40CI4E7DH1_1*209L_A227 | C43: CB11A01 | D43: 4
B44: RimR4X15W40CI4E7DH1_1*209L_A227 | C44: CB13A02 | D44: 4
B45: RimR4X15W40CI4E7DH1_1*209L_A227 | C45: CB14A01 | D45: 4
B46: RimR4X15W40CI4E7DH1_1*209L_A227 | C46: CB22A02 | D46: 4
B47: RimR4X15W40CI4E7DH1_1*209L_A227 | C47: CB24A02 | D47: 4
B48: RimR4X15W40CI4E7DH1_1*209L_A227 | C48: CB25A01 | D48: 4
B49: RimR4X15W40CI4E7DH1_1*209L_A227 | C49: CB26A02 | D49: 4
B50: RimR4X15W40CI4E7DH1_1*209L_A227 | C50: CB30A01 | D50: 4
B51: RimR4X15W40CI4E7DH1_1*209L_A227 | C51: CB31A01 | D51: 4
B52: RimR4X15W40CI4E7DH1_1*209L_A227 | C52: CB33A01 | D52: 4
B53: RimR4X15W40CI4E7DH1_1*209L_A227 | C53: CB33A02 | D53: 4
... B60: RimR4X15W40CI4E7DH1_1*209L_A227 | C60: CE12A02 | D60: 4
A61: 550044580 | B61: RimR3MV15W40CI4_1*209L_A227 | C61: CC15A02 | D61: 3
B62: RimR3MV15W40CI4_1*209L_A227 | C62: CC32A02 | D62: 4
B63: RimR3MV15W40CI4_1*209L_A227 | C63: CC33A02 | D63: 4
B64: RimR3MV15W40CI4_1*209L_A227 | C64: CC36A02 | D64: 4
B65: RimR3MV15W40CI4_1*209L_A227 | C65: CC37A01 | D65: 4
B66: RimR3MV15W40CI4_1*209L_A227 | C66: CC37A02 | D66: 4
B67: RimR3MV15W40CI4_1*209L_A227 | C67: CC38A02 | D67: 4
B68: RimR3MV15W40CI4_1*209L_A227 | C68: CD06A01 | D68: 4
B69: RimR3MV15W40CI4_1*209L_A227 | C69: CD38A02 | D69: 4
B70: RimR3MV15W40CI4_1*209L_A227 | C70: CD39A02 | D70: 4
B71: RimR3MV15W40CI4_1*209L_A227 | C71: CD40A01 | D71: 4
A72: 550044624 | B72: Rimula R2 30 CF_1*209L_A227 | C72: CD24A02 | D72: 3
A73: 550044625 | B73: Rimula R2 40 CF_3*5L_A04W | C73: CB19A01 | D73: 19
B74: Rimula R2 40 CF_3*5L_A04W | C74: CD01A01 | D74: 12
A75: 550044633 | B75: Rimula R2 40 CF_1*209L_A227 | C75: CB04A01 | D75: 1
A76: 550044635 | B76: Rimula R2 40 CF_12*1L_A04W | C76: CC28A01 | D76: 7
A77: 550044709 | B77: Adv4TAX5Sc10W30SLMB_12*0.8L_A04W | C77: CD21A01 | D77: 2
A78: 550044845 | B78: Spirax S2 G 80W-90_12*1L_A04W | C78: CB05A01 | D78: 4
A79: 550045079 | B79: Tellus S2 MX 46_1*209L_A227 | C79: CA19A01 | D79: 1
A80: 550045080 | B80: Tellus S2 MX 68_1*209L_A227 | C80: CC01A02 | D80: 4
B81: Tellus S2 MX 68_1*209L_A227 | C81: CE29A02 | D81: 2
A82: 550045085 | B82: Tellus S2 VX 46_1*209L_A227 | C82: CB10A01 | D82: 1
A83: 550045086 | B83: Tellus S2 MX 100_1*209L_A227 | C83: CD33A01 | D83: 1
A84: 550046498 | B84: Argina S4 40_1*209L_A227 | C84: CA04A01 | D84: 4
B85: Argina S4 40_1*209L_A227 | C85: CA05A02 | D85: 4
B86: Argina S4 40_1*209L_A227 | C86: CB09A02 | D86: 4
B87: Argina S4 40_1*209L_A227 | C87: CB11A02 | D87: 4
B88: Argina S4 40_1*209L_A227 | C88: CB14A02 | D88: 4
B89: Argina S4 40_1*209L_A227 | C89: CB15A01 | D89: 4
B90: Argina S4 40_1*209L_A227 | C90: CB15A02 | D90: 4
B91: Argina S4 40_1*209L_A227 | C91: CC10A01 | D91: 4
B92: Argina S4 40_1*209L_A227 | C92: CC10A02 | D92: 4
B93: Argina S4 40_1*209L_A227 | C93: CC11A01 | D93: 4
B94: Argina S4 40_1*209L_A227 | C94: CC11A02 | D94: 4
B95: Argina S4 40_1*209L_A227 | C95: CC18A01 | D95: 4
B96: Argina S4 40_1*209L_A227 | C96: CE11A02 | D96: 4
A97: 550046505 | B97: Gadinia S3 40_1*209L_A227 | C97: CE05A02 | D97: 1
B98: Gadinia S3 40_1*209L_A227 | C98: CE26A01 | D98: 3
A99: 550047028 | B99: Spirax S2 A 80W-90_12*1L_A04W | C99: CC29A01 | D99: 10
A100: 550047302 | B100: Advance SX2Solvfe_12*0.7L_A04W | C100: CE21A02 | D100: 9
A101: 550048593 | B101: Adv4TAX5Sc20W40MB_12*0.8L_A04W | C101: CB18A02 | D101: 12
A102: 550049044 | B102: Advanc4TAX320W50SGMA_12*1L_A04W | C102: CB35A02 | D102: 21
A103: 550049045 | B103: Advanc4TAX320W50SGMA_12*0.8L_A04W | C103: CE28A01 | D103: 46
A104: 550050072 | B104: RimLD4Extra15W40CI4_3*5L_A04W | C104: CE27A01 | D104: 12
B105: RimLD4Extra15W40CI4_3*5L_A04W | C105: CE31A01 | D105: 18
A106: 550050960 | B106: Kawasaki2TFC_12*0.8L_A04W | C106: CD08A01 | D106: 30
A107: 550054596 | B107: HinoGEO15W40CI4DH1_1*200L_A04W | C107: CB01A01 | D107: 4
B108: HinoGEO15W40CI4DH1_1*200L_A04W | C108: CB01A02 | D108: 4
...

Sheet summary near expired
A1: Lokasi | B1: (Multiple Items) | G1: =GETPIVOTDATA("Remain Qty",$A$4)=WMS!W2 -> FALSE
A2: Remain Qty | B2: (Multiple Items)
A4: Sum of Remain Qty
A5: item | B5: Description | C5: Batch | D5: Expired Date | E5: GR date | F5: Aging Expired | G5: Aging day | H5: Total
A6: 550024921 | B6: Spirax S2 G 90_1*209L_A227 | C6: 12600813 | D6: 47494 | E6: 46055 | F6: 3 Year, 4 Month, 10 Days | G6: 6 Month, 30 Days | H6: 3
A7: 550024921 | B7: Spirax S2 G 90_1*209L_A227 | C7: 12657247 | D7: 47619 | E7: 46218 | F7: 3 Year, 8 Month, 15 Days | G7: 1 Month, 17 Days | H7: 8
A8: 550024929 | B8: Spirax S2 A 90_1*209L_A227 | C8: 12659431 | D8: 47626 | E8: 46183 | F8: 3 Year, 8 Month, 22 Days | G8: 2 Month, 22 Days | H8: 2
A9: 550024929 | B9: Spirax S2 A 90_1*209L_A227 | C9: 12633622 | D9: 47572 | E9: 46133 | F9: 3 Year, 6 Month, 29 Days | G9: 4 Month, 11 Days | H9: 2
A10: 550024929 | B10: Spirax S2 A 90_1*209L_A227 | C10: 12668639 | D10: 47654 | E10: 46216 | F10: 3 Year, 9 Month, 19 Days | G10: 1 Month, 19 Days | H10: 4
A11: 550024953 | B11: Corena S4 R 68_1*209L_A227 | C11: 12537758 | D11: 47358 | E11: 46004 | F11: 2 Year, 11 Month, 27 Days | G11: 8 Month, 19 Days | H11: 3
A12: 550024953 | B12: Corena S4 R 68_1*209L_A227 | C12: 12629768 | D12: 47560 | E12: 46162 | F12: 3 Year, 6 Month, 17 Days | G12: 3 Month, 12 Days | H12: 4
A13: 550024953 | B13: Corena S4 R 68_1*209L_A227 | C13: 12645214 | D13: 47593 | E13: 46190 | F13: 3 Year, 7 Month, 19 Days | G13: 2 Month, 15 Days | H13: 2
A14: 550024953 | B14: Corena S4 R 68_1*209L_A227 | C14: 12645214 | D14: 47593 | E14: 46218 | F14: 3 Year, 7 Month, 19 Days | G14: 1 Month, 17 Days | H14: 4
A15: 550024953 | B15: Corena S4 R 68_1*209L_A227 | C15: 12657675 | D15: 47628 | E15: 46258 | F15: 3 Year, 8 Month, 24 Days | G15: 0 Month, 8 Days | H15: 4
A16: 550024992 | B16: Corena S2 P 100_1*209L_A227 | C16: 12605373 | D16: 47510 | E16: 46121 | F16: 3 Year, 4 Month, 26 Days | G16: 4 Month, 23 Days | H16: 1
A17: 550025044 | B17: Spirax S2 A 85W-140_1*209L_A227 | C17: 12663939 | D17: 47642 | E17: 46219 | F17: 3 Year, 9 Month, 7 Days | G17: 1 Month, 16 Days | H17: 2
A18: 550025044 | B18: Spirax S2 A 85W-140_1*209L_A227 | C18: 12653568 | D18: 47609 | E18: 46216 | F18: 3 Year, 8 Month, 5 Days | G18: 1 Month, 19 Days | H18: 1
A19: 550025058 | B19: Spirax S2 G 90_4*4L_A04W | C19: 06A26 | D19: 47489 | E19: 46226 | F19: 3 Year, 4 Month, 5 Days | G19: 1 Month, 9 Days | H19: 6
A20: 550025358 | B20: Spirax S3 G 80W_12*1L_A04W | C20: 17H24 | D20: 46982 | E20: 46048 | F20: 1 Year, 11 Month, 16 Days | G20: 7 Month, 6 Days | H20: 7
A21: 550027043 | B21: Gadus S3 V220C 2_1*18kg_A227 | C21: 12765328 | D21: 47679 | E21: 46258 | F21: 3 Year, 10 Month, 14 Days | G21: 0 Month, 8 Days | H21: 2
A22: 550027259 | B22: Gadus S2 V220 2_1*770kg_A227 | C22: 12652579 | D22: 47550 | E22: 46197 | F22: 3 Year, 6 Month, 7 Days | G22: 2 Month, 8 Days | H22: 3
A23: 550027259 | B23: Gadus S2 V220 2_1*770kg_A227 | C23: 12652579 | D23: 47595 | E23: 46197 | F23: 3 Year, 7 Month, 21 Days | G23: 2 Month, 8 Days | H23: 1
A24: 550027259 | B24: Gadus S2 V220 2_1*770kg_A227 | C24: 12652579 | D24: 47632 | E24: 46197 | F24: 3 Year, 8 Month, 28 Days | G24: 2 Month, 8 Days | H24: 14
A25: 550027259 | B25: Gadus S2 V220 2_1*770kg_A227 | C25: 12652579 | D25: 47606 | E25: 46197 | F25: 3 Year, 8 Month, 2 Days | G25: 2 Month, 8 Days | H25: 1
A26: 550027259 | B26: Gadus S2 V220 2_1*770kg_A227 | C26: 12675312 | D26: 47689 | E26: 46254 | F26: 3 Year, 10 Month, 24 Days | G26: 0 Month, 12 Days | H26: 20
A27: 550027259 | B27: Gadus S2 V220 2_1*770kg_A227 | C27: 12675286 | D27: 47689 | E27: 46253 | F27: 3 Year, 10 Month, 24 Days | G27: 0 Month, 13 Days | H27: 1
A28: 550027259 | B28: Gadus S2 V220 2_1*770kg_A227 | C28: 12652581 | D28: 47632 | E28: 46253 | F28: 3 Year, 8 Month, 28 Days | G28: 0 Month, 13 Days | H28: 19
A29: 550027259 | B29: Gadus S2 V220 2_1*770kg_A227 | C29: 12675289 | D29: 47691 | E29: 46255 | F29: 3 Year, 10 Month, 26 Days | G29: 0 Month, 11 Days | H29: 20
A30: 550027259 | B30: Gadus S2 V220 2_1*770kg_A227 | C30: 12675287 | D30: 47690 | E30: 46258 | F30: 3 Year, 10 Month, 25 Days | G30: 0 Month, 8 Days | H30: 20
A31: 550027259 | B31: Gadus S2 V220 2_1*770kg_A227 | C31: 12688352 | D31: 47703 | E31: 46262 | F31: 3 Year, 11 Month, 7 Days | G31: 0 Month, 4 Days | H31: 20
A32: 550032916 | B32: Turbo T 68_1*209L_A227 | C32: 12658123 | D32: 47626 | E32: 46219 | F32: 3 Year, 8 Month, 22 Days | G32: 1 Month, 16 Days | H32: 4
A33: 550032917 | B33: Turbo T 46_1*209L_A227 | C33: 12649610 | D33: 47595 | E33: 46162 | F33: 3 Year, 7 Month, 21 Days | G33: 3 Month, 12 Days | H33: 2
A34: 550032917 | B34: Turbo T 46_1*209L_A227 | C34: 13D26JJ | D34: 47599 | E34: 46133 | F34: 3 Year, 7 Month, 25 Days | G34: 4 Month, 11 Days | H34: 4
A35: 550032917 | B35: Turbo T 46_1*209L_A227 | C35: 12664083 | D35: 47639 | E35: 46218 | F35: 3 Year, 9 Month, 4 Days | G35: 1 Month, 17 Days | H35: 1
A36: 550032917 | B36: Turbo T 46_1*209L_A227 | C36: 12689981 | D36: 47701 | E36: 46256 | F36: 3 Year, 11 Month, 5 Days | G36: 0 Month, 10 Days | H36: 4
A37: 550036050 | B37: Mysella S5 N 40_1*209L_A227 | C37: 12655616 | D37: 47622 | E37: 46181 | F37: 3 Year, 8 Month, 18 Days | G37: 2 Month, 24 Days | H37: 5
A38: 550036050 | B38: Mysella S5 N 40_1*209L_A227 | C38: 12653546 | D38: 47625 | E38: 46219 | F38: 3 Year, 8 Month, 21 Days | G38: 1 Month, 16 Days | H38: 8
A39: 550036050 | B39: Mysella S5 N 40_1*209L_A227 | C39: 12645194 | D39: 47581 | E39: 46233 | F39: 3 Year, 7 Month, 7 Days | G39: 1 Month, 2 Days | H39: 4
A40: 550037752 | B40: Helix HX320W50SLCF_12*1L_A04W | C40: 24B26JJ | D40: 47538 | E40: 46114 | F40: 3 Year, 5 Month, 23 Days | G40: 4 Month, 30 Days | H40: 2
A41: 550037752 | B41: Helix HX320W50SLCF_12*1L_A04W | C41: 12H26JJ | D41: 47707 | E41: 46260 | F41: 3 Year, 11 Month, 11 Days | G41: 0 Month, 6 Days | H41: 200
A42: 550038021 | B42: Helix HX320W50SLCF_4*4L_A04W | C42: 08H26JJ | D42: 47703 | E42: 46254 | F42: 3 Year, 11 Month, 7 Days | G42: 0 Month, 12 Days | H42: 433
A43: 550041492 | B43: Omala S2 GX 220_1*209L_A227 | C43: 12664054 | D43: 47637 | E43: 46202 | F43: 3 Year, 9 Month, 2 Days | G43: 2 Month, 3 Days | H43: 2
A44: 550041492 | B44: Omala S2 GX 220_1*209L_A227 | C44: 12664054 | D44: 47638 | E44: 46202 | F44: 3 Year, 9 Month, 3 Days | G44: 2 Month, 3 Days | H44: 8
A45: 550041492 | B45: Omala S2 GX 220_1*209L_A227 | C45: 12664054 | D45: 47638 | E45: 46233 | F45: 3 Year, 9 Month, 3 Days | G45: 1 Month, 2 Days | H45: 4
A46: 550041500 | B46: Omala S2 GX 320_1*209L_A227 | C46: 12674437 | D46: 47658 | E46: 46218 | F46: 3 Year, 9 Month, 23 Days | G46: 1 Month, 17 Days | H46: 12
A47: 550041500 | B47: Omala S2 GX 320_1*209L_A227 | C47: 12676476 | D47: 47674 | E47: 46226 | F47: 3 Year, 10 Month, 9 Days | G47: 1 Month, 9 Days | H47: 4
A48: 550041500 | B48: Omala S2 GX 320_1*209L_A227 | C48: 12685460 | D48: 47685 | E48: 46233 | F48: 3 Year, 10 Month, 20 Days | G48: 1 Month, 2 Days | H48: 4
A49: 550044360 | B49: RimR4X15W40CI4E7DH1_1*209L_A227 | C49: 12667321 | D49: 47732 | E49: 46155 | F49: 4 Year, 0 Month, 5 Days | G49: 3 Month, 19 Days | H49: 16
A50: 550044360 | B50: RimR4X15W40CI4E7DH1_1*209L_A227 | C50: 12667321 | D50: 47732 | E50: 46186 | F50: 4 Year, 0 Month, 5 Days | G50: 2 Month, 19 Days | H50: 24
A51: 550044360 | B51: RimR4X15W40CI4E7DH1_1*209L_A227 | C51: 12676428 | D51: 47692 | E51: 46237 | F51: 3 Year, 10 Month, 27 Days | G51: 0 Month, 29 Days | H51: 1
A52: 550044360 | B52: RimR4X15W40CI4E7DH1_1*209L_A227 | C52: 12685426 | D52: 47703 | E52: 46258 | F52: 3 Year, 11 Month, 7 Days | G52: 0 Month, 8 Days | H52: 48
A53: 550044580 | B53: RimR3MV15W40CI4_1*209L_A227 | C53: 12646807 | D53: 47587 | E53: 46091 | F53: 3 Year, 7 Month, 13 Days | G53: 5 Month, 22 Days | H53: 12
A54: 550044580 | B54: RimR3MV15W40CI4_1*209L_A227 | C54: 12646807 | D54: 47587 | E54: 46132 | F54: 3 Year, 7 Month, 13 Days | G54: 4 Month, 12 Days | H54: 8
A55: 550044580 | B55: RimR3MV15W40CI4_1*209L_A227 | C55: 12646807 | D55: 47587 | E55: 46233 | F55: 3 Year, 7 Month, 13 Days | G55: 1 Month, 2 Days | H55: 4
A56: 550044580 | B56: RimR3MV15W40CI4_1*209L_A227 | C56: 12657727 | D56: 47619 | E56: 46164 | F56: 3 Year, 8 Month, 15 Days | G56: 3 Month, 10 Days | H56: 80
A57: 550044580 | B57: RimR3MV15W40CI4_1*209L_A227 | C57: 12646807 | D57: 47587 | E57: 46148 | F57: 3 Year, 7 Month, 13 Days | G57: 3 Month, 26 Days | H57: 1
A58: 550044623 | B58: Rimula R2 10W (CF)_1*209L_A227 | C58: 12663926 | D58: 47640 | E58: 46245 | F58: 3 Year, 9 Month, 5 Days | G58: 0 Month, 21 Days | H58: 11
A59: 550044623 | B59: Rimula R2 10W (CF)_1*209L_A227 | C59: 12677201 | D59: 47702 | E59: 46256 | F59: 3 Year, 11 Month, 6 Days | G59: 0 Month, 10 Days | H59: 8
A60: 550044624 | B60: Rimula R2 30 CF_1*209L_A227 | C60: 12524726 | D60: 47320 | E60: 46055 | F60: 2 Year, 10 Month, 20 Days | G60: 6 Month, 30 Days | H60: 7
A61: 550044625 | B61: Rimula R2 40 CF_3*5L_A04W | C61: 08H268 | D61: 47703 | E61: 46256 | F61: 3 Year, 11 Month, 7 Days | G61: 0 Month, 10 Days | H61: 55
A62: 550044633 | B62: Rimula R2 40 CF_1*209L_A227 | C62: 12690048 | D62: 47699 | E62: 46254 | F62: 3 Year, 11 Month, 3 Days | G62: 0 Month, 12 Days | H62: 26
A63: 550044635 | B63: Rimula R2 40 CF_12*1L_A04W | C63: 03C26JJ | D63: 47545 | E63: 46116 | F63: 3 Year, 6 Month, 2 Days | G63: 4 Month, 28 Days | H63: 2
A64: 550044709 | B64: Adv4TAX5Sc10W30SLMB_12*0.8L_A04W | C64: 05H26JJ | D64: 47700 | E64: 46246 | F64: 3 Year, 11 Month, 4 Days | G64: 0 Month, 20 Days | H64: 1
A65: 550044709 | B65: Adv4TAX5Sc10W30SLMB_12*0.8L_A04W | C65: 12H26JJ | D65: 47707 | E65: 46256 | F65: 3 Year, 11 Month, 11 Days | G65: 0 Month, 10 Days | H65: 503
A66: 550044709 | B66: Adv4TAX5Sc10W30SLMB_12*0.8L_A04W | C66: 19H26JJ | D66: 47714 | E66: 46263 | F66: 3 Year, 11 Month, 18 Days | G66: 0 Month, 3 Days | H66: 960
A67: 550044709 | B67: Adv4TAX5Sc10W30SLMB_12*0.8L_A04W | C67: 13H26JJ | D67: 47708 | E67: 46265 | F67: 3 Year, 11 Month, 12 Days | G67: 0 Month, 1 Days | H67: 960
A68: 550044845 | B68: Spirax S2 G 80W-90_12*1L_A04W | C68: 13F26JJ | D68: 47647 | E68: 46209 | F68: 3 Year, 9 Month, 12 Days | G68: 1 Month, 26 Days | H68: 309
A69: 550044845 | B69: Spirax S2 G 80W-90_12*1L_A04W | C69: 12F26JJ | D69: 47646 | E69: 46217 | F69: 3 Year, 9 Month, 11 Days | G69: 1 Month, 18 Days | H69: 88
A70: 550044845 | B70: Spirax S2 G 80W-90_12*1L_A04W | C70: 19F26JJ | D70: 47653 | E70: 46256 | F70: 3 Year, 9 Month, 18 Days | G70: 0 Month, 10 Days | H70: 399
A71: 550045079 | B71: Tellus S2 MX 46_1*209L_A227 | C71: 12664218 | D71: 47632 | E71: 46219 | F71: 3 Year, 8 Month, 28 Days | G71: 1 Month, 16 Days | H71: 1
A72: 550045079 | B72: Tellus S2 MX 46_1*209L_A227 | C72: 12676438 | D72: 47667 | E72: 46219 | F72: 3 Year, 10 Month, 2 Days | G72: 1 Month, 16 Days | H72: 8
A73: 550045080 | B73: Tellus S2 MX 68_1*209L_A227 | C73: 12650650 | D73: 47596 | E73: 46158 | F73: 3 Year, 7 Month, 22 Days | G73: 3 Month, 16 Days | H73: 24
A74: 550045080 | B74: Tellus S2 MX 68_1*209L_A227 | C74: 12614503 | D74: 47534 | E74: 46084 | F74: 3 Year, 5 Month, 19 Days | G74: 5 Month, 29 Days | H74: 1
A75: 550045080 | B75: Tellus S2 MX 68_1*209L_A227 | C75: 12676457 | D75: 47677 | E75: 46219 | F75: 3 Year, 10 Month, 12 Days | G75: 1 Month, 16 Days | H75: 80
A76: 550045080 | B76: Tellus S2 MX 68_1*209L_A227 | C76: 12676449 | D76: 47666 | E76: 46217 | F76: 3 Year, 10 Month, 1 Days | G76: 1 Month, 18 Days | H76: 8
A77: 550045080 | B77: Tellus S2 MX 68_1*209L_A227 | C77: 12676449 | D77: 47666 | E77: 46218 | F77: 3 Year, 10 Month, 1 Days | G77: 1 Month, 17 Days | H77: 4
A78: 550045085 | B78: Tellus S2 VX 46_1*209L_A227 | C78: 12650713 | D78: 47602 | E78: 46144 | F78: 3 Year, 7 Month, 28 Days | G78: 3 Month, 30 Days | H78: 1
A79: 550045086 | B79: Tellus S2 MX 100_1*209L_A227 | C79: 12633116 | D79: 47572 | E79: 46218 | F79: 3 Year, 6 Month, 29 Days | G79: 1 Month, 17 Days | H79: 1
A80: 550045086 | B80: Tellus S2 MX 100_1*209L_A227 | C80: 12666695 | D80: 47643 | E80: 46216 | F80: 3 Year, 9 Month, 8 Days | G80: 1 Month, 19 Days | H80: 8
A81: 550046505 | B81: Gadinia S3 40_1*209L_A227 | C81: 12624135 | D81: 47550 | E81: 46098 | F81: 3 Year, 6 Month, 7 Days | G81: 5 Month, 15 Days | H81: 7
A82: 550046505 | B82: Gadinia S3 40_1*209L_A227 | C82: 126241J38 | D82: 47568 | E82: 46122 | F82: 3 Year, 6 Month, 25 Days | G82: 4 Month, 22 Days | H82: 1
A83: 550046505 | B83: Gadinia S3 40_1*209L_A227 | C83: 12624138 | D83: 47568 | E83: 46122 | F83: 3 Year, 6 Month, 25 Days | G83: 4 Month, 22 Days | H83: 4
A84: 550047028 | B84: Spirax S2 A 80W-90_12*1L_A04W | C84: 24F26JJ | D84: 47658 | E84: 46256 | F84: 3 Year, 9 Month, 23 Days | G84: 0 Month, 10 Days | H84: 318
A85: 550047302 | B85: Advance SX2Solvfe_12*0.7L_A04W | C85: 21E26JJ | D85: 47624 | E85: 46209 | F85: 3 Year, 8 Month, 20 Days | G85: 1 Month, 26 Days | H85: 9
A86: 550047302 | B86: Advance SX2Solvfe_12*0.7L_A04W | C86: 17G26JJ | D86: 47681 | E86: 46228 | F86: 3 Year, 10 Month, 16 Days | G86: 1 Month, 7 Days | H86: 284
A87: 550047302 | B87: Advance SX2Solvfe_12*0.7L_A04W | C87: 17H26 | D87: 47712 | E87: 46261 | F87: 3 Year, 11 Month, 16 Days | G87: 0 Month, 5 Days | H87: 200
A88: 550048593 | B88: Adv4TAX5Sc20W40MB_12*0.8L_A04W | C88: 06H26JJ | D88: 47701 | E88: 46249 | F88: 3 Year, 11 Month, 5 Days | G88: 0 Month, 17 Days | H88: 720
A89: 550048593 | B89: Adv4TAX5Sc20W40MB_12*0.8L_A04W | C89: 06H26JJ | D89: 47701 | E89: 46252 | F89: 3 Year, 11 Month, 5 Days | G89: 0 Month, 14 Days | H89: 960
A90: 550048593 | B90: Adv4TAX5Sc20W40MB_12*0.8L_A04W | C90: 07H26JJ | D90: 47702 | E90: 46249 | F90: 3 Year, 11 Month, 6 Days | G90: 0 Month, 17 Days | H90: 511
A91: 550048593 | B91: Adv4TAX5Sc20W40MB_12*0.8L_A04W | C91: 13H26JJ | D91: 47708 | E91: 46261 | F91: 3 Year, 11 Month, 12 Days | G91: 0 Month, 5 Days | H91: 960
A92: 550049044 | B92: Advanc4TAX320W50SGMA_12*1L_A04W | C92: 07H26JJ | D92: 47702 | E92: 46255 | F92: 3 Year, 11 Month, 6 Days | G92: 0 Month, 11 Days | H92: 382
A93: 550049044 | B93: Advanc4TAX320W50SGMA_12*1L_A04W | C93: 07H26JJ | D93: 47702 | E93: 46258 | F93: 3 Year, 11 Month, 6 Days | G93: 0 Month, 8 Days | H93: 176
A94: 550049045 | B94: Advanc4TAX320W50SGMA_12*0.8L_A04W | C94: 08H26JJ | D94: 47703 | E94: 46253 | F94: 3 Year, 11 Month, 7 Days | G94: 0 Month, 13 Days | H94: 706
A95: 550050071 | B95: RimLD4Extra15W40CI4_12*1L_A04W | C95: 03C26JJ | D95: 47545 | E95: 46217 | F95: 3 Year, 6 Month, 2 Days | G95: 1 Month, 18 Days | H95: 2
... A102: 550050960 | B102: Kawasaki2TFC_12*0.8L_A04W | C102: 27F26 | D102: 47661 | E102: 46256 | F102: 3 Year, 9 Month, 26 Days | G102: 0 Month, 10 Days | H102: 4
A103: 550054596 | B103: HinoGEO15W40CI4DH1_1*200L_A04W | C103: 12653572 | D103: 47623 | E103: 46219 | F103: 3 Year, 8 Month, 19 Days | G103: 1 Month, 16 Days | H103: 16
A104: 550054596 | B104: HinoGEO15W40CI4DH1_1*200L_A04W | C104: 12663919 | D104: 47638 | E104: 46233 | F104: 3 Year, 9 Month, 3 Days | G104: 1 Month, 2 Days | H104: 33
A105: 550054596 | B105: HinoGEO15W40CI4DH1_1*200L_A04W | C105: 12691117 | D105: 47700 | E105: 46252 | F105: 3 Year, 11 Month, 4 Days | G105: 0 Month, 14 Days | H105: 80
A106: 550054878 | B106: SukuCTBerlian CF 40_1*200L_A04W | C106: 12631585 | D106: 47555 | E106: 46252 | F106: 3 Year, 6 Month, 12 Days | G106: 0 Month, 14 Days | H106: 1
A107: 550054879 | B107: SukuCTBerlian 15W-40_1*200L_A04W | C107: 12672256 | D107: 47659 | E107: 46237 | F107: 3 Year, 9 Month, 24 Days | G107: 0 Month, 29 Days | H107: 28
...

Sheet RAMCO
B2: unrest | I2: Blok
A3: Bin | B3: Item Code | C3: FISIK | D3: RAMCO | E3: DIFF | I3: Item Code | J3: FISIK | K3: RAMCO | L3: DIFF
A4: CA01A01 | B4: 550049044 | C4: 2 | D4: 2 | E4: =C4-D4 -> 0 | I4: 550038021 | J4: 1 | K4: 1 | L4: =J4-K4 -> 0
A5: CA01A02 | B5: 550054878 | C5: 1 | D5: 1 | E5: =C5-D5 -> 0 | I5: 550045080 | J5: 1 | K5: 1 | L5: =J5-K5 -> 0
A6: CA01B01 | B6: 550027259 | C6: 1 | D6: 1 | E6: =C6-D6 -> 0 | I6: 550049044 | J6: 1 | K6: 1 | L6: =J6-K6 -> 0
A7: CA01B02 | B7: 550027259 | C7: 1 | D7: 1 | E7: =C7-D7 -> 0 | I7: 550050072 | J7: 1 | K7: 1 | L7: =J7-K7 -> 0
A8: CA01C01 | B8: 550070612 | C8: 44 | D8: 44 | E8: =C8-D8 -> 0 | I8: 550058592 | J8: 8 | K8: 8 | L8: =J8-K8 -> 0
A9: CA01C02 | B9: 550054596 | C9: 4 | D9: 4 | E9: =C9-D9 -> 0 | I9: 550058593 | J9: 1 | K9: 1 | L9: =J9-K9 -> 0
A10: CA01D01 | B10: 550062464 | C10: 48 | D10: 48 | E10: =C10-D10 -> 0 | I10: 550062463 | J10: 1 | K10: 1 | L10: =J10-K10 -> 0
A11: CA01D02 | B11: 550062464 | C11: 48 | D11: 48 | E11: =C11-D11 -> 0 | I11: 550062464 | J11: 1 | K11: 1 | L11: =J11-K11 -> 0
A12: CA01E01 | B12: 550062464 | C12: 48 | D12: 48 | E12: =C12-D12 -> 0 | I12: 550069888 | J12: 1 | K12: 1 | L12: =J12-K12 -> 0
A13: CA01E02 | B13: 550062464 | C13: 48 | D13: 48 | E13: =C13-D13 -> 0 | I13: 550070614 | J13: 2 | K13: 2 | L13: =J13-K13 -> 0
A14: CA02A01 | B14: 550062285 | C14: 1 | D14: 1 | E14: =C14-D14 -> 0 | I14: 550071397 | J14: 2 | K14: 2 | L14: =J14-K14 -> 0
A15: CA02A02 | B15: 550062285 | C15: 1 | D15: 1 | E15: =C15-D15 -> 0 | I15: 550043469 | J15: 1 | K15: 1 | L15: =J15-K15 -> 0
A16: CA02B01 | B16: 550062285 | C16: 1 | D16: 1 | E16: =C16-D16 -> 0 | I16: 550053104 | J16: 4 | K16: 4 | L16: =J16-K16 -> 0
A17: CA02B02 | B17: 550062285 | C17: 1 | D17: 1 | E17: =C17-D17 -> 0
A18: CA02C01 | B18: 550062463 | C18: 48 | D18: 48 | E18: =C18-D18 -> 0
A19: CA02C02 | B19: 550062463 | C19: 48 | D19: 48 | E19: =C19-D19 -> 0
A20: CA02D01 | B20: 550062463 | C20: 48 | D20: 48 | E20: =C20-D20 -> 0
A21: CA02D02 | B21: 550062463 | C21: 48 | D21: 48 | E21: =C21-D21 -> 0
A22: CA02E01 | B22: 550062463 | C22: 48 | D22: 48 | E22: =C22-D22 -> 0
A23: CA02E02 | B23: 550047302 | C23: 48 | D23: 48 | E23: =C23-D23 -> 0
A24: CA03A01 | B24: 550061082 | C24: 0 | E24: =C24-D24 -> 0
A25: CA03A02 | B25: 550062285 | C25: 1 | D25: 1 | E25: =C25-D25 -> 0
A26: CA03B01 | B26: 550062285 | C26: 1 | D26: 1 | E26: =C26-D26 -> 0
A27: CA03B02 | B27: 550062285 | C27: 1 | D27: 1 | E27: =C27-D27 -> 0
A28: CA03C01 | B28: 550062464 | C28: 48 | D28: 48 | E28: =C28-D28 -> 0
A29: CA03C02 | B29: 550062464 | C29: 48 | D29: 48 | E29: =C29-D29 -> 0
A30: CA03D01 | B30: 550062464 | C30: 48 | D30: 48 | E30: =C30-D30 -> 0
A31: CA03D02 | B31: 550062464 | C31: 48 | D31: 48 | E31: =C31-D31 -> 0
A32: CA03E01 | B32: 550062464 | C32: 48 | D32: 48 | E32: =C32-D32 -> 0
A33: CA03E02 | B33: 550062464 | C33: 48 | D33: 48 | E33: =C33-D33 -> 0
A34: CA04A01 | B34: 550046498 | C34: 0 | E34: =C34-D34 -> 0
A35: CA04A02 | B35: 550062285 | C35: 1 | D35: 1 | E35: =C35-D35 -> 0
A36: CA04B01 | B36: 550062285 | C36: 1 | D36: 1 | E36: =C36-D36 -> 0
A37: CA04B02 | B37: 550062285 | C37: 1 | D37: 1 | E37: =C37-D37 -> 0
A38: CA04C01 | B38: 550062464 | C38: 48 | D38: 48 | E38: =C38-D38 -> 0
A39: CA04C02 | B39: 550032916 | C39: 4 | D39: 4 | E39: =C39-D39 -> 0
A40: CA04D01 | B40: 550062464 | C40: 48 | D40: 48 | E40: =C40-D40 -> 0
A41: CA04D02 | B41: 550062631 | C41: 44 | D41: 44 | E41: =C41-D41 -> 0
A42: CA04E01 | B42: 550062464 | C42: 48 | D42: 48 | E42: =C42-D42 -> 0
A43: CA04E02 | B43: 550062631 | C43: 44 | D43: 44 | E43: =C43-D43 -> 0
A44: CA05A01 | B44: 550044845 | C44: 3 | D44: 3 | E44: =C44-D44 -> 0
A45: CA05A02 | B45: 550050071 | C45: 0 | E45: =C45-D45 -> 0
A46: CA05B01 | B46: 550062285 | C46: 1 | D46: 1 | E46: =C46-D46 -> 0
A47: CA05B02 | B47: 550062285 | C47: 1 | D47: 1 | E47: =C47-D47 -> 0
A48: CA05C01 | B48: 550062464 | C48: 48 | D48: 48 | E48: =C48-D48 -> 0
A49: CA05C02 | B49: 550062464 | C49: 48 | D49: 48 | E49: =C49-D49 -> 0
A50: CA05D01 | B50: 550062464 | C50: 48 | D50: 48 | E50: =C50-D50 -> 0
A51: CA05D02 | B51: 550062464 | C51: 48 | D51: 48 | E51: =C51-D51 -> 0
A52: CA05E01 | B52: 550062464 | C52: 48 | D52: 48 | E52: =C52-D52 -> 0
A53: CA05E02 | B53: 550062464 | C53: 48 | D53: 48 | E53: =C53-D53 -> 0
A54: CA06A01 | B54: 550062285 | C54: 1 | D54: 1 | E54: =C54-D54 -> 0
A55: CA06A02 | B55: 550062285 | C55: 1 | D55: 1 | E55: =C55-D55 -> 0
A56: CA06B01 | B56: 550062285 | C56: 1 | D56: 1 | E56: =C56-D56 -> 0
A57: CA06B02 | B57: 550062285 | C57: 1 | D57: 1 | E57: =C57-D57 -> 0
... A148: CA15C01 | B148: 550044709 | C148: 48 | D148: 48 | E148: =C148-D148 -> 0
A149: CA15C02 | B149: 550062463 | C149: 0 | E149: =C149-D149 -> 0
A150: CA15D01 | B150: 550062463 | C150: 0 | E150: =C150-D150 -> 0
A151: CA15D02 | B151: 550062463 | C151: 0 | E151: =C151-D151 -> 0
A152: CA15E01 | B152: 550062463 | C152: 48 | D152: 48 | E152: =C152-D152 -> 0
A153: CA15E02 | B153: 550062463 | C153: 48 | D153: 48 | E153: =C153-D153 -> 0
A154: CA16A01 | B154: 550062285 | C154: 1 | D154: 1 | E154: =C154-D154 -> 0
A155: CA16A02 | B155: 550062285 | C155: 1 | D155: 1 | E155: =C155-D155 -> 0
A156: CA16B01 | B156: 550062285 | C156: 1 | D156: 1 | E156: =C156-D156 -> 0
A157: CA16B02 | B157: 550062285 | C157: 1 | D157: 1 | E157: =C157-D157 -> 0
A158: CA16C01 | B158: 550062463 | C158: 48 | D158: 48 | E158: =C158-D158 -> 0
A159: CA16C02 | B159: 550062463 | C159: 48 | D159: 48 | E159: =C159-D159 -> 0
A160: CA16D01 | B160: 550062463 | C160: 48 | D160: 48 | E160: =C160-D160 -> 0
A161: CA16D02 | B161: 550062463 | C161: 48 | D161: 48 | E161: =C161-D161 -> 0
A162: CA16E01 | B162: 550062463 | C162: 48 | D162: 48 | E162: =C162-D162 -> 0
A163: CA16E02 | B163: 550062463 | C163: 48 | D163: 48 | E163: =C163-D163 -> 0
... A184: CA19A01 | B184: 550045079 | C184: 1 | D184: 1 | E184: =C184-D184 -> 0
A185: CA19A02 | B185: 550071397 | C185: 0 | E185: =C185-D185 -> 0
A186: CA19B01 | B186: 550070614 | C186: 36 | D186: 36 | E186: =C186-D186 -> 0
A187: CA19B02 | B187: 550070614 | C187: 36 | D187: 36 | E187: =C187-D187 -> 0
A188: CA19C01 | B188: 550056226 | C188: 4 | D188: 4 | E188: =C188-D188 -> 0
A189: CA19C02 | B189: 550050071 | C189: 44 | D189: 44 | E189: =C189-D189 -> 0
A190: CA19D01 | B190: 550044709 | C190: 48 | D190: 48 | E190: =C190-D190 -> 0
A191: CA19D02 | B191: 550044709 | C191: 48 | D191: 48 | E191: =C191-D191 -> 0
A192: CA19E01 | B192: 550062463 | C192: 48 | D192: 48 | E192: =C192-D192 -> 0
A193: CA19E02 | B193: 550062463 | C193: 48 | D193: 48 | E193: =C193-D193 -> 0
A194: CB01A01 | B194: 550054596 | C194: 1 | D194: 1 | E194: =C194-D194 -> 0
A195: CB01A02 | B195: 550054596 | C195: 2 | D195: 2 | E195: =C195-D195 -> 0
A196: CB01B01 | B196: 550027259 | C196: 1 | D196: 1 | E196: =C196-D196 -> 0
A197: CB01B02 | B197: 550027259 | C197: 1 | D197: 1 | E197: =C197-D197 -> 0
... A199: CB01C02 | B199: 550047464 | C199: 4 | D199: 4 | E199: =C199-D199 -> 0
A200: CB01D01 | B200: 550061082 | C200: 0 | E200: =C200-D200 -> 0
A201: CB01D02 | B201: 550062463 | C201: 48 | D201: 48 | E201: =C201-D201 -> 0
A202: CB01E01 | B202: 550062463 | C202: 48 | D202: 48 | E202: =C202-D202 -> 0
A203: CB01E02 | B203: 550062463 | C203: 48 | D203: 48 | E203: =C203-D203 -> 0
A204: CB02A01 | B204: 550040071 | C204: 4 | D204: 4 | E204: =C204-D204 -> 0
A205: CB02A02 | B205: 550040071 | C205: 4 | D205: 4 | E205: =C205-D205 -> 0
A206: CB02B01 | B206: 550062285 | C206: 1 | D206: 1 | E206: =C206-D206 -> 0
A207: CB02B02 | B207: 550062463 | C207: 48 | D207: 48 | E207: =C207-D207 -> 0
A208: CB02C01 | B208: 550047464 | C208: 4 | D208: 4 | E208: =C208-D208 -> 0
A209: CB02C02 | B209: 550047464 | C209: 4 | D209: 4 | E209: =C209-D209 -> 0
A210: CB02D01 | B210: 550062631 | C210: 44 | D210: 44 | E210: =C210-D210 -> 0
A211: CB02D02 | B211: 550062631 | C211: 44 | D211: 44 | E211: =C211-D211 -> 0
A212: CB02E01 | B212: 550062463 | C212: 48 | D212: 48 | E212: =C212-D212 -> 0
...

Sheet SAP_17 Septber vs fisik_unrest
F1: SAP vs Fisik Accuracy | H1: =COUNTIF($Z$8:$Z$1029,0)/COUNTA($Z$8:$Z$1029) -> 1
F2: Fisik vs RAMCO Accuracy | H2: =COUNTIF($AB$8:$AB$1029,0)/COUNTA($AB$8:$AB$1029) -> 0.27835052 | Y2: cek STAGING
F3: SAP vs RAMCO Accuracy | H3: =COUNTIF($AD$8:$AD$1029,0)/COUNTA($AD$8:$AD$1029) -> 0.27835052
B5: Total SKU : | C5: =COUNTA(B8:B1051) -> 99
G6: SAP | I6: FISIK | K6: RAMCO
A7: Plant | B7: SKU CODE | C7: Material Description | D7: Storage Location | E7: Batch | F7: Base Unit of Measure | G7: Unrestricted | H7: Blocked | I7: Unrestricted | J7: Blocked | K7: Unrestricted | L7: Blocked | M7: Unrest Diff ( SAP vs fisik) | N7: Blok ( SAP vs Fisik) | O7: Unrest Diff ( Fisik vs RAMCO) | P7: Blok ( Fisik vs Ramco) | Q7: Unrest Diff ( SAP vs RAMCO) | R7: Blok ( SAP vs Ramco) | S7: Remarks | T7: cek | U7: Noted | V7: PENDING GI | W7: Previous | X7: cek | Y7: SAP vs fisik | Z7: SAP vs fisik Accuracy | AA7: Fisik vs RAMCO | AB7: Fisik vs RAMCO Accuracy | AC7: SAP vs RAMCO | AD7: SAP vs RAMCO Accuracy | AE7: Selisih ALL | AF7: CEK SELISIH
A8: I003 | B8: 550058592 | C8: Adv4TAX515W40SLMA2_12*1L_A04W | D8: WHS1 | E8: UT | F8: CAR | G8: 2363 | H8: 8 | I8: =SUMIF(WMS!$L$5:$L$2606,B8,WMS!$AE$5:$AE$2606) -> 2363 | J8: =SUMIF(WMS!$L$2607:$L$2619,'SAP_17 Septber vs fisik_unrest'!B8,WMS!$AE$2607:$AE$2619) -> 8 | K8: =SUMIF(RAMCO!$B$4:$B$21630,'SAP_17 Septber vs fisik_unrest'!B8,RAMCO!$D$4:$D$21630) -> 2054 | L8: =SUMIF(RAMCO!$I$4:$I$150,'SAP_17 Septber vs fisik_unrest'!B8,RAMCO!$K$4:$K$150) -> 8 | M8: =G8-I8 -> 0 | N8: =H8-J8 -> 0 | O8: =I8-K8 -> 309 | P8: =J8-L8 -> 0 | Q8: =G8-K8 -> 309 | R8: =H8-L8 -> 0 | X8: =COUNTIF($B$8:$B$1042,B8) -> 1 | Y8: =IF(OR(M8<>0,N8<>0),"selisih","ok") -> ok | Z8: =SUM($I8:$J8)-SUM($G8:$H8) -> 0 | AA8: =IF(OR(O8<>0,P8<>0),"selisih","ok") -> selisih | AB8: =SUM($I8:$J8)-SUM($K8:$L8) -> 309 | AC8: =IF(OR(Q8<>0,R8<>0),"selisih","ok") -> selisih | AD8: =SUM($G8:$H8)-SUM($K8:$L8) -> 309 | AE8: =IF(OR(Y8="selisih",AA8="selisih",AC8="selisih"),"cek","") -> cek | AF8: =I8-G8 -> 0
A9: I003 | B9: 550053104 | C9: HelixAst5W30_SP_12*1L_A04W | D9: WHS1 | E9: UT | F9: CAR | G9: 333 | H9: 4 | I9: =SUMIF(WMS!$L$5:$L$2606,B9,WMS!$AE$5:$AE$2606) -> 333 | J9: =SUMIF(WMS!$L$2607:$L$2619,'SAP_17 Septber vs fisik_unrest'!B9,WMS!$AE$2607:$AE$2619) -> 4 | K9: =SUMIF(RAMCO!$B$4:$B$21630,'SAP_17 Septber vs fisik_unrest'!B9,RAMCO!$D$4:$D$21630) -> 0 | L9: =SUMIF(RAMCO!$I$4:$I$150,'SAP_17 Septber vs fisik_unrest'!B9,RAMCO!$K$4:$K$150) -> 4 | M9: =G9-I9 -> 0 | N9: =H9-J9 -> 0 | O9: =I9-K9 -> 333 | P9: =J9-L9 -> 0 | Q9: =G9-K9 -> 333 | R9: =H9-L9 -> 0 | X9: =COUNTIF($B$8:$B$1042,B9) -> 1 | Y9: =IF(OR(M9<>0,N9<>0),"selisih","ok") -> ok | Z9: =SUM($I9:$J9)-SUM($G9:$H9) -> 0 | AA9: =IF(OR(O9<>0,P9<>0),"selisih","ok") -> selisih | AB9: =SUM($I9:$J9)-SUM($K9:$L9) -> 333 | AC9: =IF(OR(Q9<>0,R9<>0),"selisih","ok") -> selisih | AD9: =SUM($G9:$H9)-SUM($K9:$L9) -> 333 | AE9: =IF(OR(Y9="selisih",AA9="selisih",AC9="selisih"),"cek","") -> cek | AF9: =I9-G9 -> 0
A10: I003 | B10: 550071397 | C10: HelixHX515W40SNCF_4*4L_A04W | D10: WHS1 | E10: UT | F10: CAR | G10: 3005 | H10: 3 | I10: =SUMIF(WMS!$L$5:$L$2606,B10,WMS!$AE$5:$AE$2606) -> 3005 | J10: =SUMIF(WMS!$L$2607:$L$2619,'SAP_17 Septber vs fisik_unrest'!B10,WMS!$AE$2607:$AE$2619) -> 3 | K10: =SUMIF(RAMCO!$B$4:$B$21630,'SAP_17 Septber vs fisik_unrest'!B10,RAMCO!$D$4:$D$21630) -> 562 | L10: =SUMIF(RAMCO!$I$4:$I$150,'SAP_17 Septber vs fisik_unrest'!B10,RAMCO!$K$4:$K$150) -> 2 | M10: =G10-I10 -> 0 | N10: =H10-J10 -> 0 | O10: =I10-K10 -> 2443 | P10: =J10-L10 -> 1 | Q10: =G10-K10 -> 2443 | R10: =H10-L10 -> 1 | X10: =COUNTIF($B$8:$B$1042,B10) -> 1 | Y10: =IF(OR(M10<>0,N10<>0),"selisih","ok") -> ok | Z10: =SUM($I10:$J10)-SUM($G10:$H10) -> 0 | AA10: =IF(OR(O10<>0,P10<>0),"selisih","ok") -> selisih | AB10: =SUM($I10:$J10)-SUM($K10:$L10) -> 2444 | AC10: =IF(OR(Q10<>0,R10<>0),"selisih","ok") -> selisih | AD10: =SUM($G10:$H10)-SUM($K10:$L10) -> 2444 | AE10: =IF(OR(Y10="selisih",AA10="selisih",AC10="selisih"),"cek","") -> cek | AF10: =I10-G10 -> 0
A11: I003 | B11: 550070614 | C11: HlxHX610W40SP_4*4L_A04W | D11: WHS1 | E11: UT | F11: CAR | G11: 5477 | H11: 2 | I11: =SUMIF(WMS!$L$5:$L$2606,B11,WMS!$AE$5:$AE$2606) -> 5476 | J11: =SUMIF(WMS!$L$2607:$L$2619,'SAP_17 Septber vs fisik_unrest'!B11,WMS!$AE$2607:$AE$2619) -> 3 | K11: =SUMIF(RAMCO!$B$4:$B$21630,'SAP_17 Septber vs fisik_unrest'!B11,RAMCO!$D$4:$D$21630) -> 2122 | L11: =SUMIF(RAMCO!$I$4:$I$150,'SAP_17 Septber vs fisik_unrest'!B11,RAMCO!$K$4:$K$150) -> 2 | M11: =G11-I11 -> 1 | N11: =H11-J11 -> -1 | O11: =I11-K11 -> 3354 | P11: =J11-L11 -> 1 | Q11: =G11-K11 -> 3355 | R11: =H11-L11 -> 0 | X11: =COUNTIF($B$8:$B$1042,B11) -> 1 | Y11: =IF(OR(M11<>0,N11<>0),"selisih","ok") -> selisih | Z11: =SUM($I11:$J11)-SUM($G11:$H11) -> 0 | AA11: =IF(OR(O11<>0,P11<>0),"selisih","ok") -> selisih | AB11: =SUM($I11:$J11)-SUM($K11:$L11) -> 3355 | AC11: =IF(OR(Q11<>0,R11<>0),"selisih","ok") -> selisih | AD11: =SUM($G11:$H11)-SUM($K11:$L11) -> 3355 | AE11: =IF(OR(Y11="selisih",AA11="selisih",AC11="selisih"),"cek","") -> cek | AF11: =I11-G11 -> -1
A12: I003 | B12: 550038021 | C12: Helix HX320W50SLCF_4*4L_A04W | D12: WHS1 | E12: UT | F12: CAR | G12: 112 | H12: 1 | I12: =SUMIF(WMS!$L$5:$L$2606,B12,WMS!$AE$5:$AE$2606) -> 112 | J12: =SUMIF(WMS!$L$2607:$L$2619,'SAP_17 Septber vs fisik_unrest'!B12,WMS!$AE$2607:$AE$2619) -> 1 | K12: =SUMIF(RAMCO!$B$4:$B$21630,'SAP_17 Septber vs fisik_unrest'!B12,RAMCO!$D$4:$D$21630) -> 1153 | L12: =SUMIF(RAMCO!$I$4:$I$150,'SAP_17 Septber vs fisik_unrest'!B12,RAMCO!$K$4:$K$150) -> 1 | M12: =G12-I12 -> 0 | N12: =H12-J12 -> 0 | O12: =I12-K12 -> -1041 | P12: =J12-L12 -> 0 | Q12: =G12-K12 -> -1041 | R12: =H12-L12 -> 0 | X12: =COUNTIF($B$8:$B$1042,B12) -> 1 | Y12: =IF(OR(M12<>0,N12<>0),"selisih","ok") -> ok | Z12: =SUM($I12:$J12)-SUM($G12:$H12) -> 0 | AA12: =IF(OR(O12<>0,P12<>0),"selisih","ok") -> selisih | AB12: =SUM($I12:$J12)-SUM($K12:$L12) -> -1041 | AC12: =IF(OR(Q12<>0,R12<>0),"selisih","ok") -> selisih | AD12: =SUM($G12:$H12)-SUM($K12:$L12) -> -1041 | AE12: =IF(OR(Y12="selisih",AA12="selisih",AC12="selisih"),"cek","") -> cek | AF12: =I12-G12 -> 0
A13: I003 | B13: 550043469 | C13: HelixAstraSN10W30_12*1L_A04W | D13: WHS1 | E13: UT | F13: CAR | G13: 485 | H13: 1 | I13: =SUMIF(WMS!$L$5:$L$2606,B13,WMS!$AE$5:$AE$2606) -> 485 | J13: =SUMIF(WMS!$L$2607:$L$2619,'SAP_17 Septber vs fisik_unrest'!B13,WMS!$AE$2607:$AE$2619) -> 1 | K13: =SUMIF(RAMCO!$B$4:$B$21630,'SAP_17 Septber vs fisik_unrest'!B13,RAMCO!$D$4:$D$21630) -> 0 | L13: =SUMIF(RAMCO!$I$4:$I$150,'SAP_17 Septber vs fisik_unrest'!B13,RAMCO!$K$4:$K$150) -> 1 | M13: =G13-I13 -> 0 | N13: =H13-J13 -> 0 | O13: =I13-K13 -> 485 | P13: =J13-L13 -> 0 | Q13: =G13-K13 -> 485 | R13: =H13-L13 -> 0 | X13: =COUNTIF($B$8:$B$1042,B13) -> 1 | Y13: =IF(OR(M13<>0,N13<>0),"selisih","ok") -> ok | Z13: =SUM($I13:$J13)-SUM($G13:$H13) -> 0 | AA13: =IF(OR(O13<>0,P13<>0),"selisih","ok") -> selisih | AB13: =SUM($I13:$J13)-SUM($K13:$L13) -> 485 | AC13: =IF(OR(Q13<>0,R13<>0),"selisih","ok") -> selisih | AD13: =SUM($G13:$H13)-SUM($K13:$L13) -> 485 | AE13: =IF(OR(Y13="selisih",AA13="selisih",AC13="selisih"),"cek","") -> cek | AF13: =I13-G13 -> 0
A14: I003 | B14: 550045080 | C14: Tellus S2 MX 68_1*209L_A227 | D14: WHS1 | E14: UT | F14: EA | G14: 116 | H14: 1 | I14: =SUMIF(WMS!$L$5:$L$2606,B14,WMS!$AE$5:$AE$2606) -> 116 | J14: =SUMIF(WMS!$L$2607:$L$2619,'SAP_17 Septber vs fisik_unrest'!B14,WMS!$AE$2607:$AE$2619) -> 1 | K14: =SUMIF(RAMCO!$B$4:$B$21630,'SAP_17 Septber vs fisik_unrest'!B14,RAMCO!$D$4:$D$21630) -> 117 | L14: =SUMIF(RAMCO!$I$4:$I$150,'SAP_17 Septber vs fisik_unrest'!B14,RAMCO!$K$4:$K$150) -> 1 | M14: =G14-I14 -> 0 | N14: =H14-J14 -> 0 | O14: =I14-K14 -> -1 | P14: =J14-L14 -> 0 | Q14: =G14-K14 -> -1 | R14: =H14-L14 -> 0 | X14: =COUNTIF($B$8:$B$1042,B14) -> 1 | Y14: =IF(OR(M14<>0,N14<>0),"selisih","ok") -> ok | Z14: =SUM($I14:$J14)-SUM($G14:$H14) -> 0 | AA14: =IF(OR(O14<>0,P14<>0),"selisih","ok") -> selisih | AB14: =SUM($I14:$J14)-SUM($K14:$L14) -> -1 | AC14: =IF(OR(Q14<>0,R14<>0),"selisih","ok") -> selisih | AD14: =SUM($G14:$H14)-SUM($K14:$L14) -> -1 | AE14: =IF(OR(Y14="selisih",AA14="selisih",AC14="selisih"),"cek","") -> cek | AF14: =I14-G14 -> 0
A15: I003 | B15: 550049044 | C15: Advanc4TAX320W50SGMA_12*1L_A04W | D15: WHS1 | E15: UT | F15: CAR | G15: 75 | H15: 1 | I15: =SUMIF(WMS!$L$5:$L$2606,B15,WMS!$AE$5:$AE$2606) -> 75 | J15: =SUMIF(WMS!$L$2607:$L$2619,'SAP_17 Septber vs fisik_unrest'!B15,WMS!$AE$2607:$AE$2619) -> 1 | K15: =SUMIF(RAMCO!$B$4:$B$21630,'SAP_17 Septber vs fisik_unrest'!B15,RAMCO!$D$4:$D$21630) -> 203 | L15: =SUMIF(RAMCO!$I$4:$I$150,'SAP_17 Septber vs fisik_unrest'!B15,RAMCO!$K$4:$K$150) -> 1 | M15: =G15-I15 -> 0 | N15: =H15-J15 -> 0 | O15: =I15-K15 -> -128 | P15: =J15-L15 -> 0 | Q15: =G15-K15 -> -128 | R15: =H15-L15 -> 0 | X15: =COUNTIF($B$8:$B$1042,B15) -> 1 | Y15: =IF(OR(M15<>0,N15<>0),"selisih","ok") -> ok | Z15: =SUM($I15:$J15)-SUM($G15:$H15) -> 0 | AA15: =IF(OR(O15<>0,P15<>0),"selisih","ok") -> selisih | AB15: =SUM($I15:$J15)-SUM($K15:$L15) -> -128 | AC15: =IF(OR(Q15<>0,R15<>0),"selisih","ok") -> selisih | AD15: =SUM($G15:$H15)-SUM($K15:$L15) -> -128 | AE15: =IF(OR(Y15="selisih",AA15="selisih",AC15="selisih"),"cek","") -> cek | AF15: =I15-G15 -> 0
A16: I003 | B16: 550050072 | C16: RimLD4Extra15W40CI4_3*5L_A04W | D16: WHS1 | E16: UT | F16: CAR | G16: 26 | H16: 1 | I16: =SUMIF(WMS!$L$5:$L$2606,B16,WMS!$AE$5:$AE$2606) -> 26 | J16: =SUMIF(WMS!$L$2607:$L$2619,'SAP_17 Septber vs fisik_unrest'!B16,WMS!$AE$2607:$AE$2619) -> 1 | K16: =SUMIF(RAMCO!$B$4:$B$21630,'SAP_17 Septber vs fisik_unrest'!B16,RAMCO!$D$4:$D$21630) -> 548 | L16: =SUMIF(RAMCO!$I$4:$I$150,'SAP_17 Septber vs fisik_unrest'!B16,RAMCO!$K$4:$K$150) -> 1 | M16: =G16-I16 -> 0 | N16: =H16-J16 -> 0 | O16: =I16-K16 -> -522 | P16: =J16-L16 -> 0 | Q16: =G16-K16 -> -522 | R16: =H16-L16 -> 0 | X16: =COUNTIF($B$8:$B$1042,B16) -> 1 | Y16: =IF(OR(M16<>0,N16<>0),"selisih","ok") -> ok | Z16: =SUM($I16:$J16)-SUM($G16:$H16) -> 0 | AA16: =IF(OR(O16<>0,P16<>0),"selisih","ok") -> selisih | AB16: =SUM($I16:$J16)-SUM($K16:$L16) -> -522 | AC16: =IF(OR(Q16<>0,R16<>0),"selisih","ok") -> selisih | AD16: =SUM($G16:$H16)-SUM($K16:$L16) -> -522 | AE16: =IF(OR(Y16="selisih",AA16="selisih",AC16="selisih"),"cek","") -> cek | AF16: =I16-G16 -> 0
A17: I003 | B17: 550058593 | C17: Adv4TAX515W40SLMA2_12*0.8L_A04W | D17: WHS1 | E17: UT | F17: CAR | G17: 5207 | H17: 1 | I17: =SUMIF(WMS!$L$5:$L$2606,B17,WMS!$AE$5:$AE$2606) -> 5207 | J17: =SUMIF(WMS!$L$2607:$L$2619,'SAP_17 Septber vs fisik_unrest'!B17,WMS!$AE$2607:$AE$2619) -> 1 | K17: =SUMIF(RAMCO!$B$4:$B$21630,'SAP_17 Septber vs fisik_unrest'!B17,RAMCO!$D$4:$D$21630) -> 5375 | L17: =SUMIF(RAMCO!$I$4:$I$150,'SAP_17 Septber vs fisik_unrest'!B17,RAMCO!$K$4:$K$150) -> 1 | M17: =G17-I17 -> 0 | N17: =H17-J17 -> 0 | O17: =I17-K17 -> -168 | P17: =J17-L17 -> 0 | Q17: =G17-K17 -> -168 | R17: =H17-L17 -> 0 | X17: =COUNTIF($B$8:$B$1042,B17) -> 1 | Y17: =IF(OR(M17<>0,N17<>0),"selisih","ok") -> ok | Z17: =SUM($I17:$J17)-SUM($G17:$H17) -> 0 | AA17: =IF(OR(O17<>0,P17<>0),"selisih","ok") -> selisih | AB17: =SUM($I17:$J17)-SUM($K17:$L17) -> -168 | AC17: =IF(OR(Q17<>0,R17<>0),"selisih","ok") -> selisih | AD17: =SUM($G17:$H17)-SUM($K17:$L17) -> -168 | AE17: =IF(OR(Y17="selisih",AA17="selisih",AC17="selisih"),"cek","") -> cek | AF17: =I17-G17 -> 0
A18: I003 | B18: 550062463 | C18: AdvAX7Sc10W40SNMB_12*0.8L_A04W | D18: WHS1 | E18: UT | F18: CAR | G18: 960 | H18: 1 | I18: =SUMIF(WMS!$L$5:$L$2606,B18,WMS!$AE$5:$AE$2606) -> 960 | J18: =SUMIF(WMS!$L$2607:$L$2619,'SAP_17 Septber vs fisik_unrest'!B18,WMS!$AE$2607:$AE$2619) -> 1 | K18: =SUMIF(RAMCO!$B$4:$B$21630,'SAP_17 Septber vs fisik_unrest'!B18,RAMCO!$D$4:$D$21630) -> 4673 | L18: =SUMIF(RAMCO!$I$4:$I$150,'SAP_17 Septber vs fisik_unrest'!B18,RAMCO!$K$4:$K$150) -> 1 | M18: =G18-I18 -> 0 | N18: =H18-J18 -> 0 | O18: =I18-K18 -> -3713 | P18: =J18-L18 -> 0 | Q18: =G18-K18 -> -3713 | R18: =H18-L18 -> 0 | X18: =COUNTIF($B$8:$B$1042,B18) -> 1 | Y18: =IF(OR(M18<>0,N18<>0),"selisih","ok") -> ok | Z18: =SUM($I18:$J18)-SUM($G18:$H18) -> 0 | AA18: =IF(OR(O18<>0,P18<>0),"selisih","ok") -> selisih | AB18: =SUM($I18:$J18)-SUM($K18:$L18) -> -3713 | AC18: =IF(OR(Q18<>0,R18<>0),"selisih","ok") -> selisih | AD18: =SUM($G18:$H18)-SUM($K18:$L18) -> -3713 | AE18: =IF(OR(Y18="selisih",AA18="selisih",AC18="selisih"),"cek","") -> cek | AF18: =I18-G18 -> 0
A19: I003 | B19: 550062464 | C19: Adv4TAX7Sc10W30SNMB_12*0.8L_A04W | D19: WHS1 | E19: UT | F19: CAR | G19: 2273 | H19: 1 | I19: =SUMIF(WMS!$L$5:$L$2606,B19,WMS!$AE$5:$AE$2606) -> 2273 | J19: =SUMIF(WMS!$L$2607:$L$2619,'SAP_17 Septber vs fisik_unrest'!B19,WMS!$AE$2607:$AE$2619) -> 1 | K19: =SUMIF(RAMCO!$B$4:$B$21630,'SAP_17 Septber vs fisik_unrest'!B19,RAMCO!$D$4:$D$21630) -> 5140 | L19: =SUMIF(RAMCO!$I$4:$I$150,'SAP_17 Septber vs fisik_unrest'!B19,RAMCO!$K$4:$K$150) -> 1 | M19: =G19-I19 -> 0 | N19: =H19-J19 -> 0 | O19: =I19-K19 -> -2867 | P19: =J19-L19 -> 0 | Q19: =G19-K19 -> -2867 | R19: =H19-L19 -> 0 | X19: =COUNTIF($B$8:$B$1042,B19) -> 1 | Y19: =IF(OR(M19<>0,N19<>0),"selisih","ok") -> ok | Z19: =SUM($I19:$J19)-SUM($G19:$H19) -> 0 | AA19: =IF(OR(O19<>0,P19<>0),"selisih","ok") -> selisih | AB19: =SUM($I19:$J19)-SUM($K19:$L19) -> -2867 | AC19: =IF(OR(Q19<>0,R19<>0),"selisih","ok") -> selisih | AD19: =SUM($G19:$H19)-SUM($K19:$L19) -> -2867 | AE19: =IF(OR(Y19="selisih",AA19="selisih",AC19="selisih"),"cek","") -> cek | AF19: =I19-G19 -> 0
... A104: I003 | B104: 550077627 | C104: HelixUltraECT5W30_12*1L_A04W | D104: WHS1 | E104: UT | F104: CAR | G104: 34 | H104: 0 | I104: =SUMIF(WMS!$L$5:$L$2606,B104,WMS!$AE$5:$AE$2606) -> 34 | J104: =SUMIF(WMS!$L$2607:$L$2619,'SAP_17 Septber vs fisik_unrest'!B104,WMS!$AE$2607:$AE$2619) -> 0 | K104: =SUMIF(RAMCO!$B$4:$B$21630,'SAP_17 Septber vs fisik_unrest'!B104,RAMCO!$D$4:$D$21630) -> 0 | L104: =SUMIF(RAMCO!$I$4:$I$150,'SAP_17 Septber vs fisik_unrest'!B104,RAMCO!$K$4:$K$150) -> 0 | M104: =G104-I104 -> 0 | N104: =H104-J104 -> 0 | O104: =I104-K104 -> 34 | P104: =J104-L104 -> 0 | Q104: =G104-K104 -> 34 | R104: =H104-L104 -> 0 | X104: =COUNTIF($B$8:$B$1042,B104) -> 1 | Y104: =IF(OR(M104<>0,N104<>0),"selisih","ok") -> ok | Z104: =SUM($I104:$J104)-SUM($G104:$H104) -> 0 | AA104: =IF(OR(O104<>0,P104<>0),"selisih","ok") -> selisih | AB104: =SUM($I104:$J104)-SUM($K104:$L104) -> 34 | AC104: =IF(OR(Q104<>0,R104<>0),"selisih","ok") -> selisih | AD104: =SUM($G104:$H104)-SUM($K104:$L104) -> 34 | AE104: =IF(OR(Y104="selisih",AA104="selisih",AC104="selisih"),"cek","") -> cek | AF104: =I104-G104 -> 0
A105: I003 | B105: 550077926 | C105: HlxHX610W30SP_12*1L_A04W | D105: WHS1 | E105: UT | F105: CAR | G105: 100 | H105: 0 | I105: =SUMIF(WMS!$L$5:$L$2606,B105,WMS!$AE$5:$AE$2606) -> 100 | J105: =SUMIF(WMS!$L$2607:$L$2619,'SAP_17 Septber vs fisik_unrest'!B105,WMS!$AE$2607:$AE$2619) -> 0 | Z105: =SUM($I105:$J105)-SUM($G105:$H105) -> 0
A106: I003 | B106: 550077927 | C106: HlxHX610W30SP_4*4L_A04W | D106: WHS1 | E106: UT | F106: CAR | G106: 55 | H106: 0 | I106: =SUMIF(WMS!$L$5:$L$2606,B106,WMS!$AE$5:$AE$2606) -> 55 | J106: =SUMIF(WMS!$L$2607:$L$2619,'SAP_17 Septber vs fisik_unrest'!B106,WMS!$AE$2607:$AE$2619) -> 0 | Z106: =SUM($I106:$J106)-SUM($G106:$H106) -> 0
S114: s
N306: 15
V2529: 16

Sheet data putaway
A1: BIN Location | B1: Item Code | C1: ACTUAL QTY | D1: Batch No | E1: Expired Date | F1: cek dobel
A2: CF21B01 | B2: 550025024 | C2: 4 | D2: 12658898 | E2: 47617 | F2: =COUNTIF($A$2:$A$1410,A2) -> 1
A3: CF13A01 | B3: 550025024 | C3: 1 | D3: 12658898 | E3: 47617 | F3: =COUNTIF($A$2:$A$1410,A3) -> 1
A4: CE36A01 | B4: 550072297 | C4: 9 | D4: 16C26JJ | E4: 47558 | F4: =COUNTIF($A$2:$A$1410,A4) -> 1
A5: CF23C01 | B5: 550025044 | C5: 4 | D5: 1270429 | E5: 47735 | F5: =COUNTIF($A$2:$A$1410,A5) -> 1
A6: CF23C02 | B6: 550025044 | C6: 4 | D6: 1270429 | E6: 47735 | F6: =COUNTIF($A$2:$A$1410,A6) -> 1
A7: CF30B01 | B7: 550025044 | C7: 4 | D7: 1270429 | E7: 47735 | F7: =COUNTIF($A$2:$A$1410,A7) -> 1
A8: CF30B02 | B8: 550025044 | C8: 4 | D8: 1270429 | E8: 47735 | F8: =COUNTIF($A$2:$A$1410,A8) -> 1
A9: CE30A01 | B9: 550025044 | C9: 1 | D9: 1270429 | E9: 47735 | F9: =COUNTIF($A$2:$A$1410,A9) -> 1
A10: CE32A01 | B10: 550075433 | C10: 40 | D10: 29D26JJ | E10: 47602 | F10: =COUNTIF($A$2:$A$1410,A10) -> 1
A11: CF15A01 | B11: 550075434 | C11: 13 | D11: 01D26JJ | E11: 47574 | F11: =COUNTIF($A$2:$A$1410,A11) -> 1
A12: CF15A02 | B12: 550076636 | C12: 38 | D12: 05I26JJ | E12: 47731 | F12: =COUNTIF($A$2:$A$1410,A12) -> 1
A13: CE35A01 | B13: 550050072 | C13: 26 | D13: 24H26JJ | E13: 47719 | F13: =COUNTIF($A$2:$A$1410,A13) -> 1
... A64: CC17E02 | B64: 550069888 | C64: 36 | D64: 12I26JJ | E64: 47738 | F64: =COUNTIF($A$2:$A$1410,A64) -> 1
A65: CF14C01 | B65: 550044360 | C65: 4 | D65: 12704140 | E65: 47736 | F65: =COUNTIF($A$2:$A$1410,A65) -> 1
A66: CF14C02 | B66: 550044360 | C66: 4 | D66: 12704140 | E66: 47736 | F66: =COUNTIF($A$2:$A$1410,A66) -> 1
A67: CF17B01 | B67: 550044360 | C67: 4 | D67: 12704140 | E67: 47736 | F67: =COUNTIF($A$2:$A$1410,A67) -> 1
A68: CF17B02 | B68: 550044360 | C68: 4 | D68: 12704140 | E68: 47736 | F68: =COUNTIF($A$2:$A$1410,A68) -> 1
A69: CF31B01 | B69: 550044360 | C69: 4 | D69: 12704140 | E69: 47736 | F69: =COUNTIF($A$2:$A$1410,A69) -> 1
A70: CF31B02 | B70: 550044360 | C70: 4 | D70: 12704140 | E70: 47736 | F70: =COUNTIF($A$2:$A$1410,A70) -> 1
A71: CF32B01 | B71: 550044360 | C71: 4 | D71: 12704140 | E71: 47736 | F71: =COUNTIF($A$2:$A$1410,A71) -> 1
A72: CF32B02 | B72: 550044360 | C72: 4 | D72: 12704140 | E72: 47736 | F72: =COUNTIF($A$2:$A$1410,A72) -> 1
A73: CF33B01 | B73: 550044360 | C73: 4 | D73: 12704140 | E73: 47736 | F73: =COUNTIF($A$2:$A$1410,A73) -> 1
A74: CF33B02 | B74: 550044360 | C74: 4 | D74: 12704140 | E74: 47736 | F74: =COUNTIF($A$2:$A$1410,A74) -> 1
A75: CF33C01 | B75: 550044360 | C75: 4 | D75: 12704140 | E75: 47736 | F75: =COUNTIF($A$2:$A$1410,A75) -> 1
A76: CF33C02 | B76: 550044360 | C76: 4 | D76: 12704140 | E76: 47736 | F76: =COUNTIF($A$2:$A$1410,A76) -> 1
... A84: CF35C02 | B84: 550044360 | C84: 4 | D84: 12704140 | E84: 47736 | F84: =COUNTIF($A$2:$A$1410,A84) -> 1
A85: CE01D01 | B85: 550053104 | C85: 44 | D85: 23H26JJ | E85: 47718 | F85: =COUNTIF($A$2:$A$1410,A85) -> 1
A86: CE01D02 | B86: 550053104 | C86: 44 | D86: 23H26JJ | E86: 47718 | F86: =COUNTIF($A$2:$A$1410,A86) -> 1
A87: CE02E01 | B87: 550053104 | C87: 44 | D87: 23H26JJ | E87: 47718 | F87: =COUNTIF($A$2:$A$1410,A87) -> 1
A88: CE01E01 | B88: 550053104 | C88: 44 | D88: 23H26JJ | E88: 47718 | F88: =COUNTIF($A$2:$A$1410,A88) -> 1
A89: CE04D02 | B89: 550053104 | C89: 44 | D89: 23H26JJ | E89: 47718 | F89: =COUNTIF($A$2:$A$1410,A89) -> 1
A90: CC22C01 | B90: 550053104 | C90: 44 | D90: 23H26JJ | E90: 47718 | F90: =COUNTIF($A$2:$A$1410,A90) -> 1
A91: CC22C02 | B91: 550053104 | C91: 44 | D91: 23H26JJ | E91: 47718 | F91: =COUNTIF($A$2:$A$1410,A91) -> 1
A92: CC02A02 | B92: 550053104 | C92: 25 | D92: 23H26JJ | E92: 47718 | F92: =COUNTIF($A$2:$A$1410,A92) -> 1
A93: CC02A01 | B93: 550077627 | C93: 34 | D93: 10D26JJ | E93: 47583 | F93: =COUNTIF($A$2:$A$1410,A93) -> 1
A94: CE01C01 | B94: 550054879 | C94: 4 | D94: 12694100 | E94: 47722 | F94: =COUNTIF($A$2:$A$1410,A94) -> 1
A95: CE01C02 | B95: 550054879 | C95: 4 | D95: 12694100 | E95: 47722 | F95: =COUNTIF($A$2:$A$1410,A95) -> 1
A96: CE02B01 | B96: 550054879 | C96: 4 | D96: 12694100 | E96: 47722 | F96: =COUNTIF($A$2:$A$1410,A96) -> 1
A97: CE02C02 | B97: 550054879 | C97: 4 | D97: 12694100 | E97: 47722 | F97: =COUNTIF($A$2:$A$1410,A97) -> 1
A98: CD25B02 | B98: 550054879 | C98: 4 | D98: 12694100 | E98: 47722 | F98: =COUNTIF($A$2:$A$1410,A98) -> 1
A99: CD26B02 | B99: 550054879 | C99: 4 | D99: 12694100 | E99: 47722 | F99: =COUNTIF($A$2:$A$1410,A99) -> 1
A100: CD26C01 | B100: 550054879 | C100: 4 | D100: 12694100 | E100: 47722 | F100: =COUNTIF($A$2:$A$1410,A100) -> 1
A101: CD26C02 | B101: 550054879 | C101: 4 | D101: 12694100 | E101: 47722 | F101: =COUNTIF($A$2:$A$1410,A101) -> 1
A102: CE06C02 | B102: 550054879 | C102: 4 | D102: 12694100 | E102: 47722 | F102: =COUNTIF($A$2:$A$1410,A102) -> 1
A103: CE08C02 | B103: 550054879 | C103: 4 | D103: 12694100 | E103: 47722 | F103: =COUNTIF($A$2:$A$1410,A103) -> 1
F104: =COUNTIF($A$2:$A$1410,A104) -> 0
F105: =COUNTIF($A$2:$A$1410,A105) -> 0
F106: =COUNTIF($A$2:$A$1410,A106) -> 0
F107: =COUNTIF($A$2:$A$1410,A107) -> 0
F108: =COUNTIF($A$2:$A$1410,A108) -> 0
F109: =COUNTIF($A$2:$A$1410,A109) -> 0
F110: =COUNTIF($A$2:$A$1410,A110) -> 0
F111: =COUNTIF($A$2:$A$1410,A111) -> 0
F112: =COUNTIF($A$2:$A$1410,A112) -> 0
F113: =COUNTIF($A$2:$A$1410,A113) -> 0
F114: =COUNTIF($A$2:$A$1410,A114) -> 0
F115: =COUNTIF($A$2:$A$1410,A115) -> 0
... F144: =COUNTIF($A$2:$A$1410,A144) -> 0

Sheet WMS
H1: CB32D02 | I1: CE25A02 | L1: ='SAP_17 Septber vs fisik_unrest'!H1 -> 1 | M1: =(44*8) -> 352 | R1: 4 | U1: b out | V1: b in'
H2: STG_INB01 | M2: b out | N2: b in' | O2: 47654 | P2: 550058593 | V2: =SUM(V5:V2564) -> 53998 | W2: =SUM(V5:V2564) -> 53998 | AG2: Total liter | AH2: =SUM(AH5:AH1764) -> 889857.04
A3: CE02A01 | B3: CF23A02 | C3: 550062284 | H3: STG_INB02 | I3: 05I26JJ | J3: 46277 | K3: 47731 | L3: 550069888 | M3: 36 | R3: =SUM(R5:R25965) -> 0 | V3: =COUNTIF($V$5:$V$2564,"<0") -> 0 | AD3: sampai rak CE | AE3: =SUM(AE5:AE2564) -> 53998 | AF3: =SUM(AF5:AF1764) -> 1548 | AG3: =COUNTIF($AI$5:$AI$2564,"aktif") -> 2160 | AH3: =AF3/AG3 -> 0.71666667
A4: xxx | B4: PICK & B OT | C4: IN & put | D4: aisle | E4: level | F4: gg | G4: nomer | H4: Lokasi | I4: Batch | J4: GR date | K4: Expired Date | L4: item | M4: Description | N4: Qty | O4: Palet | P4: Eceran | Q4: UPP | R4: PICK | S4: b out | T4: b in' | U4: putaway | V4: Remain Qty | W4: SKU | X4: CEK | Y4: Batch No | Z4: Exp Date | AA4: cek | AB4: cek | AC4: Aging day | AD4: Aging Expired | AE4: on hand | AF4: PP | AG4: TOTAL LOKSI | AH4: Volume | AI4: status | AJ4: lokasi kosong | AK4: lokasi kosong_1 | AL4: uom | AM4: cek dobe; | AN4: CEK
A5: =H5&L5 -> CA01A01550049044 | B5: =R5+S5 -> 0 | C5: =T5+U5 -> 0 | D5: =LEFT(H5,2) -> CA | E5: =MID(H5,3,2) -> 01 | F5: =MID(H5,5,1) -> A | G5: =RIGHT(H5,2) -> 01 | H5: CA01A01 | I5: 07H26JJ | J5: 46255 | K5: 47702 | L5: 550049044 | M5: =IF(ISNA(VLOOKUP(L5,'MASTER DATA'!$A$1:$B$192,2,0)),"",VLOOKUP(L5,'MASTER DATA'!$A$1:$B$192,2,0)) -> Advanc4TAX320W50SGMA_12*1L_A04W | N5: 0 | O5: =(V5-P5)/Q5 -> 0 | P5: =MOD(V5,Q5) -> 0 | Q5: =VLOOKUP(L5,'MASTER DATA'!$A$1:$E$192,5,0) -> 44 | R5: =SUMIF('picking of the day'!$H$4:$H$358,WMS!H5&WMS!L5,'picking of the day'!$E$4:$E$358) -> 0 | U5: =IF(ISNA(VLOOKUP(H5,'data putaway'!$A$1:$E$530,3,0)),0,VLOOKUP(H5,'data putaway'!$A$1:$E$530,3,0)) -> 0 | V5: =(N5+T5+U5)-(R5+S5) -> 0 | W5: =IF(ISNA(VLOOKUP(H5,'data putaway'!$A$1:$E$530,2,0)),0,VLOOKUP(H5,'data putaway'!$A$1:$E$530,2,0)) -> 0 | X5: =W5=L5 -> FALSE | Y5: =IF(ISNA(VLOOKUP(H5,'data putaway'!$A$1:$E$530,4,0)),0,VLOOKUP(H5,'data putaway'!$A$1:$E$530,4,0)) -> 0 | Z5: =IF(ISNA(VLOOKUP(H5,'data putaway'!$A$1:$E$530,5,0)),0,VLOOKUP(H5,'data putaway'!$A$1:$E$530,5,0)) -> 0 | AA5: =Y5=I5 -> FALSE | AB5: =Z5=K5 -> FALSE | AC5: =IF(J5="","",DATEDIF(J5,NOW(),"ym")&" Month"&", "&DATEDIF(J5,NOW(),"md")&" Days") -> 0 Month, 28 Days | AD5: =IF(K5="","",DATEDIF(NOW(),K5,"y")&" Year"&", "&DATEDIF(NOW(),K5,"ym")&" Month"&", "&DATEDIF(NOW(),K5,"md")&" Days") -> 3 Year, 10 Month, 20 Days | AE5: =N5+U5 -> 0 | AF5: =IF(V5>0,1,0) -> 0 | AG5: =D5&E5 -> CA01 | AH5: =IF(ISNA(VLOOKUP(L5,'MASTER DATA'!$A$1:$F$192,6,0)),0,VLOOKUP(L5,'MASTER DATA'!$A$1:$F$192,6,0))*AE5 -> 0 | AI5: =VLOOKUP($D5,'warehouse mapping'!$AN$7:$AO$17,2,0) -> Aktif | AJ5: =IF(AF5=0,1,0) -> 1 | AK5: =IF(AND(AJ5=1,AI5="aktif"),D5,"") -> CA | AM5: =COUNTIF($H$5:$H$2564,H5) -> 1 | AN5: =ISNUMBER(V5) -> TRUE
A6: =H6&L6 -> CA01A02550025043 | B6: =R6+S6 -> 0 | C6: =T6+U6 -> 0 | D6: =LEFT(H6,2) -> CA | E6: =MID(H6,3,2) -> 01 | F6: =MID(H6,5,1) -> A | G6: =RIGHT(H6,2) -> 02 | H6: CA01A02 | I6: 12690046 | J6: 46254 | K6: 47703 | L6: 550025043 | M6: =IF(ISNA(VLOOKUP(L6,'MASTER DATA'!$A$1:$B$192,2,0)),"",VLOOKUP(L6,'MASTER DATA'!$A$1:$B$192,2,0)) -> Spirax S2 A 80W-90_1*209L_A227 | N6: 0 | O6: =(V6-P6)/Q6 -> 0 | P6: =MOD(V6,Q6) -> 0 | Q6: =VLOOKUP(L6,'MASTER DATA'!$A$1:$E$192,5,0) -> 4 | R6: =SUMIF('picking of the day'!$H$4:$H$358,WMS!H6&WMS!L6,'picking of the day'!$E$4:$E$358) -> 0 | U6: =IF(ISNA(VLOOKUP(H6,'data putaway'!$A$1:$E$530,3,0)),0,VLOOKUP(H6,'data putaway'!$A$1:$E$530,3,0)) -> 0 | V6: =(N6+T6+U6)-(R6+S6) -> 0 | W6: =IF(ISNA(VLOOKUP(H6,'data putaway'!$A$1:$E$530,2,0)),0,VLOOKUP(H6,'data putaway'!$A$1:$E$530,2,0)) -> 0 | X6: =W6=L6 -> FALSE | Y6: =IF(ISNA(VLOOKUP(H6,'data putaway'!$A$1:$E$530,4,0)),0,VLOOKUP(H6,'data putaway'!$A$1:$E$530,4,0)) -> 0 | Z6: =IF(ISNA(VLOOKUP(H6,'data putaway'!$A$1:$E$530,5,0)),0,VLOOKUP(H6,'data putaway'!$A$1:$E$530,5,0)) -> 0 | AA6: =Y6=I6 -> FALSE | AB6: =Z6=K6 -> FALSE | AC6: =IF(J6="","",DATEDIF(J6,NOW(),"ym")&" Month"&", "&DATEDIF(J6,NOW(),"md")&" Days") -> 0 Month, 29 Days | AD6: =IF(K6="","",DATEDIF(NOW(),K6,"y")&" Year"&", "&DATEDIF(NOW(),K6,"ym")&" Month"&", "&DATEDIF(NOW(),K6,"md")&" Days") -> 3 Year, 10 Month, 21 Days | AE6: =N6+U6 -> 0 | AF6: =IF(V6>0,1,0) -> 0 | AG6: =D6&E6 -> CA01 | AH6: =IF(ISNA(VLOOKUP(L6,'MASTER DATA'!$A$1:$F$192,6,0)),0,VLOOKUP(L6,'MASTER DATA'!$A$1:$F$192,6,0))*AE6 -> 0 | AI6: =VLOOKUP($D6,'warehouse mapping'!$AN$7:$AO$17,2,0) -> Aktif | AJ6: =IF(AF6=0,1,0) -> 1 | AK6: =IF(AND(AJ6=1,AI6="aktif"),D6,"") -> CA | AM6: =COUNTIF($H$5:$H$2564,H6) -> 1 | AN6: =ISNUMBER(V6) -> TRUE
A7: =H7&L7 -> CA01B01550027259 | B7: =R7+S7 -> 0 | C7: =T7+U7 -> 0 | D7: =LEFT(H7,2) -> CA | E7: =MID(H7,3,2) -> 01 | F7: =MID(H7,5,1) -> B | G7: =RIGHT(H7,2) -> 01 | H7: CA01B01 | I7: 12675312 | J7: 46254 | K7: 47689 | L7: 550027259 | M7: =IF(ISNA(VLOOKUP(L7,'MASTER DATA'!$A$1:$B$192,2,0)),"",VLOOKUP(L7,'MASTER DATA'!$A$1:$B$192,2,0)) -> Gadus S2 V220 2_1*770kg_A227 | N7: 1 | O7: =(V7-P7)/Q7 -> 1 | P7: =MOD(V7,Q7) -> 0 | Q7: =VLOOKUP(L7,'MASTER DATA'!$A$1:$E$192,5,0) -> 1 | R7: =SUMIF('picking of the day'!$H$4:$H$358,WMS!H7&WMS!L7,'picking of the day'!$E$4:$E$358) -> 0 | U7: =IF(ISNA(VLOOKUP(H7,'data putaway'!$A$1:$E$530,3,0)),0,VLOOKUP(H7,'data putaway'!$A$1:$E$530,3,0)) -> 0 | V7: =(N7+T7+U7)-(R7+S7) -> 1 | W7: =IF(ISNA(VLOOKUP(H7,'data putaway'!$A$1:$E$530,2,0)),0,VLOOKUP(H7,'data putaway'!$A$1:$E$530,2,0)) -> 0 | X7: =W7=L7 -> FALSE | Y7: =IF(ISNA(VLOOKUP(H7,'data putaway'!$A$1:$E$530,4,0)),0,VLOOKUP(H7,'data putaway'!$A$1:$E$530,4,0)) -> 0 | Z7: =IF(ISNA(VLOOKUP(H7,'data putaway'!$A$1:$E$530,5,0)),0,VLOOKUP(H7,'data putaway'!$A$1:$E$530,5,0)) -> 0 | AA7: =Y7=I7 -> FALSE | AB7: =Z7=K7 -> FALSE | AC7: =IF(J7="","",DATEDIF(J7,NOW(),"ym")&" Month"&", "&DATEDIF(J7,NOW(),"md")&" Days") -> 0 Month, 29 Days | AD7: =IF(K7="","",DATEDIF(NOW(),K7,"y")&" Year"&", "&DATEDIF(NOW(),K7,"ym")&" Month"&", "&DATEDIF(NOW(),K7,"md")&" Days") -> 3 Year, 10 Month, 7 Days | AE7: =N7+U7 -> 1 | AF7: =IF(V7>0,1,0) -> 1 | AG7: =D7&E7 -> CA01 | AH7: =IF(ISNA(VLOOKUP(L7,'MASTER DATA'!$A$1:$F$192,6,0)),0,VLOOKUP(L7,'MASTER DATA'!$A$1:$F$192,6,0))*AE7 -> 770 | AI7: =VLOOKUP($D7,'warehouse mapping'!$AN$7:$AO$17,2,0) -> Aktif | AJ7: =IF(AF7=0,1,0) -> 0 | AK7: =IF(AND(AJ7=1,AI7="aktif"),D7,"") | AM7: =COUNTIF($H$5:$H$2564,H7) -> 1 | AN7: =ISNUMBER(V7) -> TRUE
A8: =H8&L8 -> CA01B02550027259 | B8: =R8+S8 -> 0 | C8: =T8+U8 -> 0 | D8: =LEFT(H8,2) -> CA | E8: =MID(H8,3,2) -> 01 | F8: =MID(H8,5,1) -> B | G8: =RIGHT(H8,2) -> 02 | H8: CA01B02 | I8: 12675312 | J8: 46254 | K8: 47689 | L8: 550027259 | M8: =IF(ISNA(VLOOKUP(L8,'MASTER DATA'!$A$1:$B$192,2,0)),"",VLOOKUP(L8,'MASTER DATA'!$A$1:$B$192,2,0)) -> Gadus S2 V220 2_1*770kg_A227 | N8: 1 | O8: =(V8-P8)/Q8 -> 1 | P8: =MOD(V8,Q8) -> 0 | Q8: =VLOOKUP(L8,'MASTER DATA'!$A$1:$E$192,5,0) -> 1 | R8: =SUMIF('picking of the day'!$H$4:$H$358,WMS!H8&WMS!L8,'picking of the day'!$E$4:$E$358) -> 0 | U8: =IF(ISNA(VLOOKUP(H8,'data putaway'!$A$1:$E$530,3,0)),0,VLOOKUP(H8,'data putaway'!$A$1:$E$530,3,0)) -> 0 | V8: =(N8+T8+U8)-(R8+S8) -> 1 | W8: =IF(ISNA(VLOOKUP(H8,'data putaway'!$A$1:$E$530,2,0)),0,VLOOKUP(H8,'data putaway'!$A$1:$E$530,2,0)) -> 0 | X8: =W8=L8 -> FALSE | Y8: =IF(ISNA(VLOOKUP(H8,'data putaway'!$A$1:$E$530,4,0)),0,VLOOKUP(H8,'data putaway'!$A$1:$E$530,4,0)) -> 0 | Z8: =IF(ISNA(VLOOKUP(H8,'data putaway'!$A$1:$E$530,5,0)),0,VLOOKUP(H8,'data putaway'!$A$1:$E$530,5,0)) -> 0 | AA8: =Y8=I8 -> FALSE | AB8: =Z8=K8 -> FALSE | AC8: =IF(J8="","",DATEDIF(J8,NOW(),"ym")&" Month"&", "&DATEDIF(J8,NOW(),"md")&" Days") -> 0 Month, 29 Days | AD8: =IF(K8="","",DATEDIF(NOW(),K8,"y")&" Year"&", "&DATEDIF(NOW(),K8,"ym")&" Month"&", "&DATEDIF(NOW(),K8,"md")&" Days") -> 3 Year, 10 Month, 7 Days | AE8: =N8+U8 -> 1 | AF8: =IF(V8>0,1,0) -> 1 | AG8: =D8&E8 -> CA01 | AH8: =IF(ISNA(VLOOKUP(L8,'MASTER DATA'!$A$1:$F$192,6,0)),0,VLOOKUP(L8,'MASTER DATA'!$A$1:$F$192,6,0))*AE8 -> 770 | AI8: =VLOOKUP($D8,'warehouse mapping'!$AN$7:$AO$17,2,0) -> Aktif | AJ8: =IF(AF8=0,1,0) -> 0 | AK8: =IF(AND(AJ8=1,AI8="aktif"),D8,"") | AM8: =COUNTIF($H$5:$H$2564,H8) -> 1 | AN8: =ISNUMBER(V8) -> TRUE
A9: =H9&L9 -> CA01C01550070612 | B9: =R9+S9 -> 0 | C9: =T9+U9 -> 0 | D9: =LEFT(H9,2) -> CA | E9: =MID(H9,3,2) -> 01 | F9: =MID(H9,5,1) -> C | G9: =RIGHT(H9,2) -> 01 | H9: CA01C01 | I9: 19H26JJ | J9: 46263 | K9: 47714 | L9: 550070612 | M9: =IF(ISNA(VLOOKUP(L9,'MASTER DATA'!$A$1:$B$192,2,0)),"",VLOOKUP(L9,'MASTER DATA'!$A$1:$B$192,2,0)) -> HlxHX610W40SP_12*1L_A04W | N9: 44 | O9: =(V9-P9)/Q9 -> 1 | P9: =MOD(V9,Q9) -> 0 | Q9: =VLOOKUP(L9,'MASTER DATA'!$A$1:$E$192,5,0) -> 44 | R9: =SUMIF('picking of the day'!$H$4:$H$358,WMS!H9&WMS!L9,'picking of the day'!$E$4:$E$358) -> 0 | U9: =IF(ISNA(VLOOKUP(H9,'data putaway'!$A$1:$E$530,3,0)),0,VLOOKUP(H9,'data putaway'!$A$1:$E$530,3,0)) -> 0 | V9: =(N9+T9+U9)-(R9+S9) -> 44 | W9: =IF(ISNA(VLOOKUP(H9,'data putaway'!$A$1:$E$530,2,0)),0,VLOOKUP(H9,'data putaway'!$A$1:$E$530,2,0)) -> 0 | X9: =W9=L9 -> FALSE | Y9: =IF(ISNA(VLOOKUP(H9,'data putaway'!$A$1:$E$530,4,0)),0,VLOOKUP(H9,'data putaway'!$A$1:$E$530,4,0)) -> 0 | Z9: =IF(ISNA(VLOOKUP(H9,'data putaway'!$A$1:$E$530,5,0)),0,VLOOKUP(H9,'data putaway'!$A$1:$E$530,5,0)) -> 0 | AA9: =Y9=I9 -> FALSE | AB9: =Z9=K9 -> FALSE | AC9: =IF(J9="","",DATEDIF(J9,NOW(),"ym")&" Month"&", "&DATEDIF(J9,NOW(),"md")&" Days") -> 0 Month, 20 Days | AD9: =IF(K9="","",DATEDIF(NOW(),K9,"y")&" Year"&", "&DATEDIF(NOW(),K9,"ym")&" Month"&", "&DATEDIF(NOW(),K9,"md")&" Days") -> 3 Year, 11 Month, 1 Days | AE9: =N9+U9 -> 44 | AF9: =IF(V9>0,1,0) -> 1 | AG9: =D9&E9 -> CA01 | AH9: =IF(ISNA(VLOOKUP(L9,'MASTER DATA'!$A$1:$F$192,6,0)),0,VLOOKUP(L9,'MASTER DATA'!$A$1:$F$192,6,0))*AE9 -> 528 | AI9: =VLOOKUP($D9,'warehouse mapping'!$AN$7:$AO$17,2,0) -> Aktif | AJ9: =IF(AF9=0,1,0) -> 0 | AK9: =IF(AND(AJ9=1,AI9="aktif"),D9,"") | AM9: =COUNTIF($H$5:$H$2564,H9) -> 1 | AN9: =ISNUMBER(V9) -> TRUE
A10: =H10&L10 -> CA01C02550054596 | B10: =R10+S10 -> 0 | C10: =T10+U10 -> 0 | D10: =LEFT(H10,2) -> CA | E10: =MID(H10,3,2) -> 01 | F10: =MID(H10,5,1) -> C | G10: =RIGHT(H10,2) -> 02 | H10: CA01C02 | I10: 12663919 | J10: 46233 | K10: 47638 | L10: 550054596 | M10: =IF(ISNA(VLOOKUP(L10,'MASTER DATA'!$A$1:$B$192,2,0)),"",VLOOKUP(L10,'MASTER DATA'!$A$1:$B$192,2,0)) -> HinoGEO15W40CI4DH1_1*200L_A04W | N10: 0 | O10: =(V10-P10)/Q10 -> 0 | P10: =MOD(V10,Q10) -> 0 | Q10: =VLOOKUP(L10,'MASTER DATA'!$A$1:$E$192,5,0) -> 4 | R10: =SUMIF('picking of the day'!$H$4:$H$358,WMS!H10&WMS!L10,'picking of the day'!$E$4:$E$358) -> 0 | U10: =IF(ISNA(VLOOKUP(H10,'data putaway'!$A$1:$E$530,3,0)),0,VLOOKUP(H10,'data putaway'!$A$1:$E$530,3,0)) -> 0 | V10: =(N10+T10+U10)-(R10+S10) -> 0 | W10: =IF(ISNA(VLOOKUP(H10,'data putaway'!$A$1:$E$530,2,0)),0,VLOOKUP(H10,'data putaway'!$A$1:$E$530,2,0)) -> 0 | X10: =W10=L10 -> FALSE | Y10: =IF(ISNA(VLOOKUP(H10,'data putaway'!$A$1:$E$530,4,0)),0,VLOOKUP(H10,'data putaway'!$A$1:$E$530,4,0)) -> 0 | Z10: =IF(ISNA(VLOOKUP(H10,'data putaway'!$A$1:$E$530,5,0)),0,VLOOKUP(H10,'data putaway'!$A$1:$E$530,5,0)) -> 0 | AA10: =Y10=I10 -> FALSE | AB10: =Z10=K10 -> FALSE | AC10: =IF(J10="","",DATEDIF(J10,NOW(),"ym")&" Month"&", "&DATEDIF(J10,NOW(),"md")&" Days") -> 1 Month, 19 Days | AD10: =IF(K10="","",DATEDIF(NOW(),K10,"y")&" Year"&", "&DATEDIF(NOW(),K10,"ym")&" Month"&", "&DATEDIF(NOW(),K10,"md")&" Days") -> 3 Year, 8 Month, 17 Days | AE10: =N10+U10 -> 0 | AF10: =IF(V10>0,1,0) -> 0 | AG10: =D10&E10 -> CA01 | AH10: =IF(ISNA(VLOOKUP(L10,'MASTER DATA'!$A$1:$F$192,6,0)),0,VLOOKUP(L10,'MASTER DATA'!$A$1:$F$192,6,0))*AE10 -> 0 | AI10: =VLOOKUP($D10,'warehouse mapping'!$AN$7:$AO$17,2,0) -> Aktif | AJ10: =IF(AF10=0,1,0) -> 1 | AK10: =IF(AND(AJ10=1,AI10="aktif"),D10,"") -> CA | AM10: =COUNTIF($H$5:$H$2564,H10) -> 1 | AN10: =ISNUMBER(V10) -> TRUE
A11: =H11&L11 -> CA01D01550062464 | B11: =R11+S11 -> 0 | C11: =T11+U11 -> 0 | D11: =LEFT(H11,2) -> CA | E11: =MID(H11,3,2) -> 01 | F11: =MID(H11,5,1) -> D | G11: =RIGHT(H11,2) -> 01 | H11: CA01D01 | I11: 17H26JJ | J11: 46261 | K11: 47712 | L11: 550062464 | M11: =IF(ISNA(VLOOKUP(L11,'MASTER DATA'!$A$1:$B$192,2,0)),"",VLOOKUP(L11,'MASTER DATA'!$A$1:$B$192,2,0)) -> Adv4TAX7Sc10W30SNMB_12*0.8L_A04W | N11: 48 | O11: =(V11-P11)/Q11 -> 1 | P11: =MOD(V11,Q11) -> 0 | Q11: =VLOOKUP(L11,'MASTER DATA'!$A$1:$E$192,5,0) -> 48 | R11: =SUMIF('picking of the day'!$H$4:$H$358,WMS!H11&WMS!L11,'picking of the day'!$E$4:$E$358) -> 0 | U11: =IF(ISNA(VLOOKUP(H11,'data putaway'!$A$1:$E$530,3,0)),0,VLOOKUP(H11,'data putaway'!$A$1:$E$530,3,0)) -> 0 | V11: =(N11+T11+U11)-(R11+S11) -> 48 | W11: =IF(ISNA(VLOOKUP(H11,'data putaway'!$A$1:$E$530,2,0)),0,VLOOKUP(H11,'data putaway'!$A$1:$E$530,2,0)) -> 0 | X11: =W11=L11 -> FALSE | Y11: =IF(ISNA(VLOOKUP(H11,'data putaway'!$A$1:$E$530,4,0)),0,VLOOKUP(H11,'data putaway'!$A$1:$E$530,4,0)) -> 0 | Z11: =IF(ISNA(VLOOKUP(H11,'data putaway'!$A$1:$E$530,5,0)),0,VLOOKUP(H11,'data putaway'!$A$1:$E$530,5,0)) -> 0 | AA11: =Y11=I11 -> FALSE | AB11: =Z11=K11 -> FALSE | AC11: =IF(J11="","",DATEDIF(J11,NOW(),"ym")&" Month"&", "&DATEDIF(J11,NOW(),"md")&" Days") -> 0 Month, 22 Days | AD11: =IF(K11="","",DATEDIF(NOW(),K11,"y")&" Year"&", "&DATEDIF(NOW(),K11,"ym")&" Month"&", "&DATEDIF(NOW(),K11,"md")&" Days") -> 3 Year, 10 Month, 30 Days | AE11: =N11+U11 -> 48 | AF11: =IF(V11>0,1,0) -> 1 | AG11: =D11&E11 -> CA01 | AH11: =IF(ISNA(VLOOKUP(L11,'MASTER DATA'!$A$1:$F$192,6,0)),0,VLOOKUP(L11,'MASTER DATA'!$A$1:$F$192,6,0))*AE11 -> 460.8 | AI11: =VLOOKUP($D11,'warehouse mapping'!$AN$7:$AO$17,2,0) -> Aktif | AJ11: =IF(AF11=0,1,0) -> 0 | AK11: =IF(AND(AJ11=1,AI11="aktif"),D11,"") | AM11: =COUNTIF($H$5:$H$2564,H11) -> 1 | AN11: =ISNUMBER(V11) -> TRUE
A12: =H12&L12 -> CA01D02550062464 | B12: =R12+S12 -> 0 | C12: =T12+U12 -> 0 | D12: =LEFT(H12,2) -> CA | E12: =MID(H12,3,2) -> 01 | F12: =MID(H12,5,1) -> D | G12: =RIGHT(H12,2) -> 02 | H12: CA01D02 | I12: 17H26JJ | J12: 46261 | K12: 47712 | L12: 550062464 | M12: =IF(ISNA(VLOOKUP(L12,'MASTER DATA'!$A$1:$B$192,2,0)),"",VLOOKUP(L12,'MASTER DATA'!$A$1:$B$192,2,0)) -> Adv4TAX7Sc10W30SNMB_12*0.8L_A04W | N12: 48 | O12: =(V12-P12)/Q12 -> 1 | P12: =MOD(V12,Q12) -> 0 | Q12: =VLOOKUP(L12,'MASTER DATA'!$A$1:$E$192,5,0) -> 48 | R12: =SUMIF('picking of the day'!$H$4:$H$358,WMS!H12&WMS!L12,'picking of the day'!$E$4:$E$358) -> 0 | U12: =IF(ISNA(VLOOKUP(H12,'data putaway'!$A$1:$E$530,3,0)),0,VLOOKUP(H12,'data putaway'!$A$1:$E$530,3,0)) -> 0 | V12: =(N12+T12+U12)-(R12+S12) -> 48 | W12: =IF(ISNA(VLOOKUP(H12,'data putaway'!$A$1:$E$530,2,0)),0,VLOOKUP(H12,'data putaway'!$A$1:$E$530,2,0)) -> 0 | X12: =W12=L12 -> FALSE | Y12: =IF(ISNA(VLOOKUP(H12,'data putaway'!$A$1:$E$530,4,0)),0,VLOOKUP(H12,'data putaway'!$A$1:$E$530,4,0)) -> 0 | Z12: =IF(ISNA(VLOOKUP(H12,'data putaway'!$A$1:$E$530,5,0)),0,VLOOKUP(H12,'data putaway'!$A$1:$E$530,5,0)) -> 0 | AA12: =Y12=I12 -> FALSE | AB12: =Z12=K12 -> FALSE | AC12: =IF(J12="","",DATEDIF(J12,NOW(),"ym")&" Month"&", "&DATEDIF(J12,NOW(),"md")&" Days") -> 0 Month, 22 Days | AD12: =IF(K12="","",DATEDIF(NOW(),K12,"y")&" Year"&", "&DATEDIF(NOW(),K12,"ym")&" Month"&", "&DATEDIF(NOW(),K12,"md")&" Days") -> 3 Year, 10 Month, 30 Days | AE12: =N12+U12 -> 48 | AF12: =IF(V12>0,1,0) -> 1 | AG12: =D12&E12 -> CA01 | AH12: =IF(ISNA(VLOOKUP(L12,'MASTER DATA'!$A$1:$F$192,6,0)),0,VLOOKUP(L12,'MASTER DATA'!$A$1:$F$192,6,0))*AE12 -> 460.8 | AI12: =VLOOKUP($D12,'warehouse mapping'!$AN$7:$AO$17,2,0) -> Aktif | AJ12: =IF(AF12=0,1,0) -> 0 | AK12: =IF(AND(AJ12=1,AI12="aktif"),D12,"") | AM12: =COUNTIF($H$5:$H$2564,H12) -> 1 | AN12: =ISNUMBER(V12) -> TRUE
A13: =H13&L13 -> CA01E01550062464 | B13: =R13+S13 -> 0 | C13: =T13+U13 -> 0 | D13: =LEFT(H13,2) -> CA | E13: =MID(H13,3,2) -> 01 | F13: =MID(H13,5,1) -> E | G13: =RIGHT(H13,2) -> 01 | H13: CA01E01 | I13: 17H26JJ | J13: 46261 | K13: 47712 | L13: 550062464 | M13: =IF(ISNA(VLOOKUP(L13,'MASTER DATA'!$A$1:$B$192,2,0)),"",VLOOKUP(L13,'MASTER DATA'!$A$1:$B$192,2,0)) -> Adv4TAX7Sc10W30SNMB_12*0.8L_A04W | N13: 48 | O13: =(V13-P13)/Q13 -> 1 | P13: =MOD(V13,Q13) -> 0 | Q13: =VLOOKUP(L13,'MASTER DATA'!$A$1:$E$192,5,0) -> 48 | R13: =SUMIF('picking of the day'!$H$4:$H$358,WMS!H13&WMS!L13,'picking of the day'!$E$4:$E$358) -> 0 | U13: =IF(ISNA(VLOOKUP(H13,'data putaway'!$A$1:$E$530,3,0)),0,VLOOKUP(H13,'data putaway'!$A$1:$E$530,3,0)) -> 0 | V13: =(N13+T13+U13)-(R13+S13) -> 48 | W13: =IF(ISNA(VLOOKUP(H13,'data putaway'!$A$1:$E$530,2,0)),0,VLOOKUP(H13,'data putaway'!$A$1:$E$530,2,0)) -> 0 | X13: =W13=L13 -> FALSE | Y13: =IF(ISNA(VLOOKUP(H13,'data putaway'!$A$1:$E$530,4,0)),0,VLOOKUP(H13,'data putaway'!$A$1:$E$530,4,0)) -> 0 | Z13: =IF(ISNA(VLOOKUP(H13,'data putaway'!$A$1:$E$530,5,0)),0,VLOOKUP(H13,'data putaway'!$A$1:$E$530,5,0)) -> 0 | AA13: =Y13=I13 -> FALSE | AB13: =Z13=K13 -> FALSE | AC13: =IF(J13="","",DATEDIF(J13,NOW(),"ym")&" Month"&", "&DATEDIF(J13,NOW(),"md")&" Days") -> 0 Month, 22 Days | AD13: =IF(K13="","",DATEDIF(NOW(),K13,"y")&" Year"&", "&DATEDIF(NOW(),K13,"ym")&" Month"&", "&DATEDIF(NOW(),K13,"md")&" Days") -> 3 Year, 10 Month, 30 Days | AE13: =N13+U13 -> 48 | AF13: =IF(V13>0,1,0) -> 1 | AG13: =D13&E13 -> CA01 | AH13: =IF(ISNA(VLOOKUP(L13,'MASTER DATA'!$A$1:$F$192,6,0)),0,VLOOKUP(L13,'MASTER DATA'!$A$1:$F$192,6,0))*AE13 -> 460.8 | AI13: =VLOOKUP($D13,'warehouse mapping'!$AN$7:$AO$17,2,0) -> Aktif | AJ13: =IF(AF13=0,1,0) -> 0 | AK13: =IF(AND(AJ13=1,AI13="aktif"),D13,"") | AM13: =COUNTIF($H$5:$H$2564,H13) -> 1 | AN13: =ISNUMBER(V13) -> TRUE
A14: =H14&L14 -> CA01E02550062464 | B14: =R14+S14 -> 0 | C14: =T14+U14 -> 0 | D14: =LEFT(H14,2) -> CA | E14: =MID(H14,3,2) -> 01 | F14: =MID(H14,5,1) -> E | G14: =RIGHT(H14,2) -> 02 | H14: CA01E02 | I14: 17H26JJ | J14: 46261 | K14: 47712 | L14: 550062464 | M14: =IF(ISNA(VLOOKUP(L14,'MASTER DATA'!$A$1:$B$192,2,0)),"",VLOOKUP(L14,'MASTER DATA'!$A$1:$B$192,2,0)) -> Adv4TAX7Sc10W30SNMB_12*0.8L_A04W | N14: 48 | O14: =(V14-P14)/Q14 -> 1 | P14: =MOD(V14,Q14) -> 0 | Q14: =VLOOKUP(L14,'MASTER DATA'!$A$1:$E$192,5,0) -> 48 | R14: =SUMIF('picking of the day'!$H$4:$H$358,WMS!H14&WMS!L14,'picking of the day'!$E$4:$E$358) -> 0 | U14: =IF(ISNA(VLOOKUP(H14,'data putaway'!$A$1:$E$530,3,0)),0,VLOOKUP(H14,'data putaway'!$A$1:$E$530,3,0)) -> 0 | V14: =(N14+T14+U14)-(R14+S14) -> 48 | W14: =IF(ISNA(VLOOKUP(H14,'data putaway'!$A$1:$E$530,2,0)),0,VLOOKUP(H14,'data putaway'!$A$1:$E$530,2,0)) -> 0 | X14: =W14=L14 -> FALSE | Y14: =IF(ISNA(VLOOKUP(H14,'data putaway'!$A$1:$E$530,4,0)),0,VLOOKUP(H14,'data putaway'!$A$1:$E$530,4,0)) -> 0 | Z14: =IF(ISNA(VLOOKUP(H14,'data putaway'!$A$1:$E$530,5,0)),0,VLOOKUP(H14,'data putaway'!$A$1:$E$530,5,0)) -> 0 | AA14: =Y14=I14 -> FALSE | AB14: =Z14=K14 -> FALSE | AC14: =IF(J14="","",DATEDIF(J14,NOW(),"ym")&" Month"&", "&DATEDIF(J14,NOW(),"md")&" Days") -> 0 Month, 22 Days | AD14: =IF(K14="","",DATEDIF(NOW(),K14,"y")&" Year"&", "&DATEDIF(NOW(),K14,"ym")&" Month"&", "&DATEDIF(NOW(),K14,"md")&" Days") -> 3 Year, 10 Month, 30 Days | AE14: =N14+U14 -> 48 | AF14: =IF(V14>0,1,0) -> 1 | AG14: =D14&E14 -> CA01 | AH14: =IF(ISNA(VLOOKUP(L14,'MASTER DATA'!$A$1:$F$192,6,0)),0,VLOOKUP(L14,'MASTER DATA'!$A$1:$F$192,6,0))*AE14 -> 460.8 | AI14: =VLOOKUP($D14,'warehouse mapping'!$AN$7:$AO$17,2,0) -> Aktif | AJ14: =IF(AF14=0,1,0) -> 0 | AK14: =IF(AND(AJ14=1,AI14="aktif"),D14,"") | AM14: =COUNTIF($H$5:$H$2564,H14) -> 1 | AN14: =ISNUMBER(V14) -> TRUE
A15: =H15&L15 -> CA02A01550062285 | B15: =R15+S15 -> 0 | C15: =T15+U15 -> 0 | D15: =LEFT(H15,2) -> CA | E15: =MID(H15,3,2) -> 02 | F15: =MID(H15,5,1) -> A | G15: =RIGHT(H15,2) -> 01 | H15: CA02A01 | I15: 12626159 | J15: 46122 | K15: 47563 | L15: 550062285 | M15: =IF(ISNA(VLOOKUP(L15,'MASTER DATA'!$A$1:$B$192,2,0)),"",VLOOKUP(L15,'MASTER DATA'!$A$1:$B$192,2,0)) -> Gadus S3 V460DM 2_1*770kg_A227 | N15: 1 | O15: =(V15-P15)/Q15 -> 1 | P15: =MOD(V15,Q15) -> 0 | Q15: =VLOOKUP(L15,'MASTER DATA'!$A$1:$E$192,5,0) -> 1 | R15: =SUMIF('picking of the day'!$H$4:$H$358,WMS!H15&WMS!L15,'picking of the day'!$E$4:$E$358) -> 0 | U15: =IF(ISNA(VLOOKUP(H15,'data putaway'!$A$1:$E$530,3,0)),0,VLOOKUP(H15,'data putaway'!$A$1:$E$530,3,0)) -> 0 | V15: =(N15+T15+U15)-(R15+S15) -> 1 | W15: =IF(ISNA(VLOOKUP(H15,'data putaway'!$A$1:$E$530,2,0)),0,VLOOKUP(H15,'data putaway'!$A$1:$E$530,2,0)) -> 0 | X15: =W15=L15 -> FALSE | Y15: =IF(ISNA(VLOOKUP(H15,'data putaway'!$A$1:$E$530,4,0)),0,VLOOKUP(H15,'data putaway'!$A$1:$E$530,4,0)) -> 0 | Z15: =IF(ISNA(VLOOKUP(H15,'data putaway'!$A$1:$E$530,5,0)),0,VLOOKUP(H15,'data putaway'!$A$1:$E$530,5,0)) -> 0 | AA15: =Y15=I15 -> FALSE | AB15: =Z15=K15 -> FALSE | AC15: =IF(J15="","",DATEDIF(J15,NOW(),"ym")&" Month"&", "&DATEDIF(J15,NOW(),"md")&" Days") -> 5 Month, 8 Days | AD15: =IF(K15="","",DATEDIF(NOW(),K15,"y")&" Year"&", "&DATEDIF(NOW(),K15,"ym")&" Month"&", "&DATEDIF(NOW(),K15,"md")&" Days") -> 3 Year, 6 Month, 3 Days | AE15: =N15+U15 -> 1 | AF15: =IF(V15>0,1,0) -> 1 | AG15: =D15&E15 -> CA02 | AH15: =IF(ISNA(VLOOKUP(L15,'MASTER DATA'!$A$1:$F$192,6,0)),0,VLOOKUP(L15,'MASTER DATA'!$A$1:$F$192,6,0))*AE15 -> 770 | AI15: =VLOOKUP($D15,'warehouse mapping'!$AN$7:$AO$17,2,0) -> Aktif | AJ15: =IF(AF15=0,1,0) -> 0 | AK15: =IF(AND(AJ15=1,AI15="aktif"),D15,"") | AL15: Fluidbag | AM15: =COUNTIF($H$5:$H$2564,H15) -> 1 | AN15: =ISNUMBER(V15) -> TRUE
A16: =H16&L16 -> CA02A02550062285 | B16: =R16+S16 -> 0 | C16: =T16+U16 -> 0 | D16: =LEFT(H16,2) -> CA | E16: =MID(H16,3,2) -> 02 | F16: =MID(H16,5,1) -> A | G16: =RIGHT(H16,2) -> 02 | H16: CA02A02 | I16: 12626159 | J16: 46122 | K16: 47563 | L16: 550062285 | M16: =IF(ISNA(VLOOKUP(L16,'MASTER DATA'!$A$1:$B$192,2,0)),"",VLOOKUP(L16,'MASTER DATA'!$A$1:$B$192,2,0)) -> Gadus S3 V460DM 2_1*770kg_A227 | N16: 1 | O16: =(V16-P16)/Q16 -> 1 | P16: =MOD(V16,Q16) -> 0 | Q16: =VLOOKUP(L16,'MASTER DATA'!$A$1:$E$192,5,0) -> 1 | R16: =SUMIF('picking of the day'!$H$4:$H$358,WMS!H16&WMS!L16,'picking of the day'!$E$4:$E$358) -> 0 | U16: =IF(ISNA(VLOOKUP(H16,'data putaway'!$A$1:$E$530,3,0)),0,VLOOKUP(H16,'data putaway'!$A$1:$E$530,3,0)) -> 0 | V16: =(N16+T16+U16)-(R16+S16) -> 1 | W16: =IF(ISNA(VLOOKUP(H16,'data putaway'!$A$1:$E$530,2,0)),0,VLOOKUP(H16,'data putaway'!$A$1:$E$530,2,0)) -> 0 | X16: =W16=L16 -> FALSE | Y16: =IF(ISNA(VLOOKUP(H16,'data putaway'!$A$1:$E$530,4,0)),0,VLOOKUP(H16,'data putaway'!$A$1:$E$530,4,0)) -> 0 | Z16: =IF(ISNA(VLOOKUP(H16,'data putaway'!$A$1:$E$530,5,0)),0,VLOOKUP(H16,'data putaway'!$A$1:$E$530,5,0)) -> 0 | AA16: =Y16=I16 -> FALSE | AB16: =Z16=K16 -> FALSE | AC16: =IF(J16="","",DATEDIF(J16,NOW(),"ym")&" Month"&", "&DATEDIF(J16,NOW(),"md")&" Days") -> 5 Month, 8 Days | AD16: =IF(K16="","",DATEDIF(NOW(),K16,"y")&" Year"&", "&DATEDIF(NOW(),K16,"ym")&" Month"&", "&DATEDIF(NOW(),K16,"md")&" Days") -> 3 Year, 6 Month, 3 Days | AE16: =N16+U16 -> 1 | AF16: =IF(V16>0,1,0) -> 1 | AG16: =D16&E16 -> CA02 | AH16: =IF(ISNA(VLOOKUP(L16,'MASTER DATA'!$A$1:$F$192,6,0)),0,VLOOKUP(L16,'MASTER DATA'!$A$1:$F$192,6,0))*AE16 -> 770 | AI16: =VLOOKUP($D16,'warehouse mapping'!$AN$7:$AO$17,2,0) -> Aktif | AJ16: =IF(AF16=0,1,0) -> 0 | AK16: =IF(AND(AJ16=1,AI16="aktif"),D16,"") | AL16: Fluidbag | AM16: =COUNTIF($H$5:$H$2564,H16) -> 1 | AN16: =ISNUMBER(V16) -> TRUE
A17: =H17&L17 -> CA02B01550062285 | B17: =R17+S17 -> 0 | C17: =T17+U17 -> 0 | D17: =LEFT(H17,2) -> CA | E17: =MID(H17,3,2) -> 02 | F17: =MID(H17,5,1) -> B | G17: =RIGHT(H17,2) -> 01 | H17: CA02B01 | J17: 46122 | K17: 47563 | L17: 550062285 | M17: =IF(ISNA(VLOOKUP(L17,'MASTER DATA'!$A$1:$B$192,2,0)),"",VLOOKUP(L17,'MASTER DATA'!$A$1:$B$192,2,0)) -> Gadus S3 V460DM 2_1*770kg_A227 | N17: 1 | O17: =(V17-P17)/Q17 -> 1 | P17: =MOD(V17,Q17) -> 0 | Q17: =VLOOKUP(L17,'MASTER DATA'!$A$1:$E$192,5,0) -> 1 | R17: =SUMIF('picking of the day'!$H$4:$H$358,WMS!H17&WMS!L17,'picking of the day'!$E$4:$E$358) -> 0 | U17: =IF(ISNA(VLOOKUP(H17,'data putaway'!$A$1:$E$530,3,0)),0,VLOOKUP(H17,'data putaway'!$A$1:$E$530,3,0)) -> 0 | V17: =(N17+T17+U17)-(R17+S17) -> 1 | W17: =IF(ISNA(VLOOKUP(H17,'data putaway'!$A$1:$E$530,2,0)),0,VLOOKUP(H17,'data putaway'!$A$1:$E$530,2,0)) -> 0 | X17: =W17=L17 -> FALSE | Y17: =IF(ISNA(VLOOKUP(H17,'data putaway'!$A$1:$E$530,4,0)),0,VLOOKUP(H17,'data putaway'!$A$1:$E$530,4,0)) -> 0 | Z17: =IF(ISNA(VLOOKUP(H17,'data putaway'!$A$1:$E$530,5,0)),0,VLOOKUP(H17,'data putaway'!$A$1:$E$530,5,0)) -> 0 | AA17: =Y17=I17 -> TRUE | AB17: =Z17=K17 -> FALSE | AC17: =IF(J17="","",DATEDIF(J17,NOW(),"ym")&" Month"&", "&DATEDIF(J17,NOW(),"md")&" Days") -> 5 Month, 8 Days | AD17: =IF(K17="","",DATEDIF(NOW(),K17,"y")&" Year"&", "&DATEDIF(NOW(),K17,"ym")&" Month"&", "&DATEDIF(NOW(),K17,"md")&" Days") -> 3 Year, 6 Month, 3 Days | AE17: =N17+U17 -> 1 | AF17: =IF(V17>0,1,0) -> 1 | AG17: =D17&E17 -> CA02 | AH17: =IF(ISNA(VLOOKUP(L17,'MASTER DATA'!$A$1:$F$192,6,0)),0,VLOOKUP(L17,'MASTER DATA'!$A$1:$F$192,6,0))*AE17 -> 770 | AI17: =VLOOKUP($D17,'warehouse mapping'!$AN$7:$AO$17,2,0) -> Aktif | AJ17: =IF(AF17=0,1,0) -> 0 | AK17: =IF(AND(AJ17=1,AI17="aktif"),D17,"") | AL17: Fluidbag | AM17: =COUNTIF($H$5:$H$2564,H17) -> 1 | AN17: =ISNUMBER(V17) -> TRUE
A18: =H18&L18 -> CA02B02550062285 | B18: =R18+S18 -> 0 | C18: =T18+U18 -> 0 | D18: =LEFT(H18,2) -> CA | E18: =MID(H18,3,2) -> 02 | F18: =MID(H18,5,1) -> B | G18: =RIGHT(H18,2) -> 02 | H18: CA02B02 | J18: 46122 | K18: 47563 | L18: 550062285 | M18: =IF(ISNA(VLOOKUP(L18,'MASTER DATA'!$A$1:$B$192,2,0)),"",VLOOKUP(L18,'MASTER DATA'!$A$1:$B$192,2,0)) -> Gadus S3 V460DM 2_1*770kg_A227 | N18: 1 | O18: =(V18-P18)/Q18 -> 1 | P18: =MOD(V18,Q18) -> 0 | Q18: =VLOOKUP(L18,'MASTER DATA'!$A$1:$E$192,5,0) -> 1 | R18: =SUMIF('picking of the day'!$H$4:$H$358,WMS!H18&WMS!L18,'picking of the day'!$E$4:$E$358) -> 0 | U18: =IF(ISNA(VLOOKUP(H18,'data putaway'!$A$1:$E$530,3,0)),0,VLOOKUP(H18,'data putaway'!$A$1:$E$530,3,0)) -> 0 | V18: =(N18+T18+U18)-(R18+S18) -> 1 | W18: =IF(ISNA(VLOOKUP(H18,'data putaway'!$A$1:$E$530,2,0)),0,VLOOKUP(H18,'data putaway'!$A$1:$E$530,2,0)) -> 0 | X18: =W18=L18 -> FALSE | Y18: =IF(ISNA(VLOOKUP(H18,'data putaway'!$A$1:$E$530,4,0)),0,VLOOKUP(H18,'data putaway'!$A$1:$E$530,4,0)) -> 0 | Z18: =IF(ISNA(VLOOKUP(H18,'data putaway'!$A$1:$E$530,5,0)),0,VLOOKUP(H18,'data putaway'!$A$1:$E$530,5,0)) -> 0 | AA18: =Y18=I18 -> TRUE | AB18: =Z18=K18 -> FALSE | AC18: =IF(J18="","",DATEDIF(J18,NOW(),"ym")&" Month"&", "&DATEDIF(J18,NOW(),"md")&" Days") -> 5 Month, 8 Days | AD18: =IF(K18="","",DATEDIF(NOW(),K18,"y")&" Year"&", "&DATEDIF(NOW(),K18,"ym")&" Month"&", "&DATEDIF(NOW(),K18,"md")&" Days") -> 3 Year, 6 Month, 3 Days | AE18: =N18+U18 -> 1 | AF18: =IF(V18>0,1,0) -> 1 | AG18: =D18&E18 -> CA02 | AH18: =IF(ISNA(VLOOKUP(L18,'MASTER DATA'!$A$1:$F$192,6,0)),0,VLOOKUP(L18,'MASTER DATA'!$A$1:$F$192,6,0))*AE18 -> 770 | AI18: =VLOOKUP($D18,'warehouse mapping'!$AN$7:$AO$17,2,0) -> Aktif | AJ18: =IF(AF18=0,1,0) -> 0 | AK18: =IF(AND(AJ18=1,AI18="aktif"),D18,"") | AL18: Fluidbag | AM18: =COUNTIF($H$5:$H$2564,H18) -> 1 | AN18: =ISNUMBER(V18) -> TRUE
A19: =H19&L19 -> CA02C01550044360 | B19: =R19+S19 -> 0 | C19: =T19+U19 -> 0 | D19: =LEFT(H19,2) -> CA | E19: =MID(H19,3,2) -> 02 | F19: =MID(H19,5,1) -> C | G19: =RIGHT(H19,2) -> 01 | H19: CA02C01 | I19: 12701387 | J19: 46275 | K19: 47730 | L19: 550044360 | M19: =IF(ISNA(VLOOKUP(L19,'MASTER DATA'!$A$1:$B$192,2,0)),"",VLOOKUP(L19,'MASTER DATA'!$A$1:$B$192,2,0)) -> RimR4X15W40CI4E7DH1_1*209L_A227 | N19: 4 | O19: =(V19-P19)/Q19 -> 1 | P19: =MOD(V19,Q19) -> 0 | Q19: =VLOOKUP(L19,'MASTER DATA'!$A$1:$E$192,5,0) -> 4 | R19: =SUMIF('picking of the day'!$H$4:$H$358,WMS!H19&WMS!L19,'picking of the day'!$E$4:$E$358) -> 0 | U19: =IF(ISNA(VLOOKUP(H19,'data putaway'!$A$1:$E$530,3,0)),0,VLOOKUP(H19,'data putaway'!$A$1:$E$530,3,0)) -> 0 | V19: =(N19+T19+U19)-(R19+S19) -> 4 | W19: =IF(ISNA(VLOOKUP(H19,'data putaway'!$A$1:$E$530,2,0)),0,VLOOKUP(H19,'data putaway'!$A$1:$E$530,2,0)) -> 0 | X19: =W19=L19 -> FALSE | Y19: =IF(ISNA(VLOOKUP(H19,'data putaway'!$A$1:$E$530,4,0)),0,VLOOKUP(H19,'data putaway'!$A$1:$E$530,4,0)) -> 0 | Z19: =IF(ISNA(VLOOKUP(H19,'data putaway'!$A$1:$E$530,5,0)),0,VLOOKUP(H19,'data putaway'!$A$1:$E$530,5,0)) -> 0 | AA19: =Y19=I19 -> FALSE | AB19: =Z19=K19 -> FALSE | AC19: =IF(J19="","",DATEDIF(J19,NOW(),"ym")&" Month"&", "&DATEDIF(J19,NOW(),"md")&" Days") -> 0 Month, 8 Days | AD19: =IF(K19="","",DATEDIF(NOW(),K19,"y")&" Year"&", "&DATEDIF(NOW(),K19,"ym")&" Month"&", "&DATEDIF(NOW(),K19,"md")&" Days") -> 3 Year, 11 Month, 17 Days | AE19: =N19+U19 -> 4 | AF19: =IF(V19>0,1,0) -> 1 | AG19: =D19&E19 -> CA02 | AH19: =IF(ISNA(VLOOKUP(L19,'MASTER DATA'!$A$1:$F$192,6,0)),0,VLOOKUP(L19,'MASTER DATA'!$A$1:$F$192,6,0))*AE19 -> 836 | AI19: =VLOOKUP($D19,'warehouse mapping'!$AN$7:$AO$17,2,0) -> Aktif | AJ19: =IF(AF19=0,1,0) -> 0 | AK19: =IF(AND(AJ19=1,AI19="aktif"),D19,"") | AL19: CAR | AM19: =COUNTIF($H$5:$H$2564,H19) -> 1 | AN19: =ISNUMBER(V19) -> TRUE
A20: =H20&L20 -> CA02C02550044360 | B20: =R20+S20 -> 0 | C20: =T20+U20 -> 0 | D20: =LEFT(H20,2) -> CA | E20: =MID(H20,3,2) -> 02 | F20: =MID(H20,5,1) -> C | G20: =RIGHT(H20,2) -> 02 | H20: CA02C02 | I20: 12701387 | J20: 46275 | K20: 47730 | L20: 550044360 | M20: =IF(ISNA(VLOOKUP(L20,'MASTER DATA'!$A$1:$B$192,2,0)),"",VLOOKUP(L20,'MASTER DATA'!$A$1:$B$192,2,0)) -> RimR4X15W40CI4E7DH1_1*209L_A227 | N20: 4 | O20: =(V20-P20)/Q20 -> 1 | P20: =MOD(V20,Q20) -> 0 | Q20: =VLOOKUP(L20,'MASTER DATA'!$A$1:$E$192,5,0) -> 4 | R20: =SUMIF('picking of the day'!$H$4:$H$358,WMS!H20&WMS!L20,'picking of the day'!$E$4:$E$358) -> 0 | U20: =IF(ISNA(VLOOKUP(H20,'data putaway'!$A$1:$E$530,3,0)),0,VLOOKUP(H20,'data putaway'!$A$1:$E$530,3,0)) -> 0 | V20: =(N20+T20+U20)-(R20+S20) -> 4 | W20: =IF(ISNA(VLOOKUP(H20,'data putaway'!$A$1:$E$530,2,0)),0,VLOOKUP(H20,'data putaway'!$A$1:$E$530,2,0)) -> 0 | X20: =W20=L20 -> FALSE | Y20: =IF(ISNA(VLOOKUP(H20,'data putaway'!$A$1:$E$530,4,0)),0,VLOOKUP(H20,'data putaway'!$A$1:$E$530,4,0)) -> 0 | Z20: =IF(ISNA(VLOOKUP(H20,'data putaway'!$A$1:$E$530,5,0)),0,VLOOKUP(H20,'data putaway'!$A$1:$E$530,5,0)) -> 0 | AA20: =Y20=I20 -> FALSE | AB20: =Z20=K20 -> FALSE | AC20: =IF(J20="","",DATEDIF(J20,NOW(),"ym")&" Month"&", "&DATEDIF(J20,NOW(),"md")&" Days") -> 0 Month, 8 Days | AD20: =IF(K20="","",DATEDIF(NOW(),K20,"y")&" Year"&", "&DATEDIF(NOW(),K20,"ym")&" Month"&", "&DATEDIF(NOW(),K20,"md")&" Days") -> 3 Year, 11 Month, 17 Days | AE20: =N20+U20 -> 4 | AF20: =IF(V20>0,1,0) -> 1 | AG20: =D20&E20 -> CA02 | AH20: =IF(ISNA(VLOOKUP(L20,'MASTER DATA'!$A$1:$F$192,6,0)),0,VLOOKUP(L20,'MASTER DATA'!$A$1:$F$192,6,0))*AE20 -> 836 | AI20: =VLOOKUP($D20,'warehouse mapping'!$AN$7:$AO$17,2,0) -> Aktif | AJ20: =IF(AF20=0,1,0) -> 0 | AK20: =IF(AND(AJ20=1,AI20="aktif"),D20,"") | AL20: CAR | AM20: =COUNTIF($H$5:$H$2564,H20) -> 1 | AN20: =ISNUMBER(V20) -> TRUE
A21: =H21&L21 -> CA02D01550071397 | B21: =R21+S21 -> 0 | C21: =T21+U21 -> 0 | D21: =LEFT(H21,2) -> CA | E21: =MID(H21,3,2) -> 02 | F21: =MID(H21,5,1) -> D | G21: =RIGHT(H21,2) -> 01 | H21: CA02D01 | I21: 01I26JJ | J21: 46274 | K21: 47727 | L21: 550071397 | M21: =IF(ISNA(VLOOKUP(L21,'MASTER DATA'!$A$1:$B$192,2,0)),"",VLOOKUP(L21,'MASTER DATA'!$A$1:$B$192,2,0)) -> HelixHX515W40SNCF_4*4L_A04W | N21: 36 | O21: =(V21-P21)/Q21 -> 1 | P21: =MOD(V21,Q21) -> 0 | Q21: =VLOOKUP(L21,'MASTER DATA'!$A$1:$E$192,5,0) -> 36 | R21: =SUMIF('picking of the day'!$H$4:$H$358,WMS!H21&WMS!L21,'picking of the day'!$E$4:$E$358) -> 0 | U21: =IF(ISNA(VLOOKUP(H21,'data putaway'!$A$1:$E$530,3,0)),0,VLOOKUP(H21,'data putaway'!$A$1:$E$530,3,0)) -> 0 | V21: =(N21+T21+U21)-(R21+S21) -> 36 | W21: =IF(ISNA(VLOOKUP(H21,'data putaway'!$A$1:$E$530,2,0)),0,VLOOKUP(H21,'data putaway'!$A$1:$E$530,2,0)) -> 0 | X21: =W21=L21 -> FALSE | Y21: =IF(ISNA(VLOOKUP(H21,'data putaway'!$A$1:$E$530,4,0)),0,VLOOKUP(H21,'data putaway'!$A$1:$E$530,4,0)) -> 0 | Z21: =IF(ISNA(VLOOKUP(H21,'data putaway'!$A$1:$E$530,5,0)),0,VLOOKUP(H21,'data putaway'!$A$1:$E$530,5,0)) -> 0 | AA21: =Y21=I21 -> FALSE | AB21: =Z21=K21 -> FALSE | AC21: =IF(J21="","",DATEDIF(J21,NOW(),"ym")&" Month"&", "&DATEDIF(J21,NOW(),"md")&" Days") -> 0 Month, 9 Days | AD21: =IF(K21="","",DATEDIF(NOW(),K21,"y")&" Year"&", "&DATEDIF(NOW(),K21,"ym")&" Month"&", "&DATEDIF(NOW(),K21,"md")&" Days") -> 3 Year, 11 Month, 14 Days | AE21: =N21+U21 -> 36 | AF21: =IF(V21>0,1,0) -> 1 | AG21: =D21&E21 -> CA02 | AH21: =IF(ISNA(VLOOKUP(L21,'MASTER DATA'!$A$1:$F$192,6,0)),0,VLOOKUP(L21,'MASTER DATA'!$A$1:$F$192,6,0))*AE21 -> 576 | AI21: =VLOOKUP($D21,'warehouse mapping'!$AN$7:$AO$17,2,0) -> Aktif | AJ21: =IF(AF21=0,1,0) -> 0 | AK21: =IF(AND(AJ21=1,AI21="aktif"),D21,"") | AL21: CAR | AM21: =COUNTIF($H$5:$H$2564,H21) -> 1 | AN21: =ISNUMBER(V21) -> TRUE
A22: =H22&L22 -> CA02D02550071397 | B22: =R22+S22 -> 0 | C22: =T22+U22 -> 0 | D22: =LEFT(H22,2) -> CA | E22: =MID(H22,3,2) -> 02 | F22: =MID(H22,5,1) -> D | G22: =RIGHT(H22,2) -> 02 | H22: CA02D02 | I22: 01I26JJ | J22: 46274 | K22: 47727 | L22: 550071397 | M22: =IF(ISNA(VLOOKUP(L22,'MASTER DATA'!$A$1:$B$192,2,0)),"",VLOOKUP(L22,'MASTER DATA'!$A$1:$B$192,2,0)) -> HelixHX515W40SNCF_4*4L_A04W | N22: 36 | O22: =(V22-P22)/Q22 -> 1 | P22: =MOD(V22,Q22) -> 0 | Q22: =VLOOKUP(L22,'MASTER DATA'!$A$1:$E$192,5,0) -> 36 | R22: =SUMIF('picking of the day'!$H$4:$H$358,WMS!H22&WMS!L22,'picking of the day'!$E$4:$E$358) -> 0 | U22: =IF(ISNA(VLOOKUP(H22,'data putaway'!$A$1:$E$530,3,0)),0,VLOOKUP(H22,'data putaway'!$A$1:$E$530,3,0)) -> 0 | V22: =(N22+T22+U22)-(R22+S22) -> 36 | W22: =IF(ISNA(VLOOKUP(H22,'data putaway'!$A$1:$E$530,2,0)),0,VLOOKUP(H22,'data putaway'!$A$1:$E$530,2,0)) -> 0 | X22: =W22=L22 -> FALSE | Y22: =IF(ISNA(VLOOKUP(H22,'data putaway'!$A$1:$E$530,4,0)),0,VLOOKUP(H22,'data putaway'!$A$1:$E$530,4,0)) -> 0 | Z22: =IF(ISNA(VLOOKUP(H22,'data putaway'!$A$1:$E$530,5,0)),0,VLOOKUP(H22,'data putaway'!$A$1:$E$530,5,0)) -> 0 | AA22: =Y22=I22 -> FALSE | AB22: =Z22=K22 -> FALSE | AC22: =IF(J22="","",DATEDIF(J22,NOW(),"ym")&" Month"&", "&DATEDIF(J22,NOW(),"md")&" Days") -> 0 Month, 9 Days | AD22: =IF(K22="","",DATEDIF(NOW(),K22,"y")&" Year"&", "&DATEDIF(NOW(),K22,"ym")&" Month"&", "&DATEDIF(NOW(),K22,"md")&" Days") -> 3 Year, 11 Month, 14 Days | AE22: =N22+U22 -> 36 | AF22: =IF(V22>0,1,0) -> 1 | AG22: =D22&E22 -> CA02 | AH22: =IF(ISNA(VLOOKUP(L22,'MASTER DATA'!$A$1:$F$192,6,0)),0,VLOOKUP(L22,'MASTER DATA'!$A$1:$F$192,6,0))*AE22 -> 576 | AI22: =VLOOKUP($D22,'warehouse mapping'!$AN$7:$AO$17,2,0) -> Aktif | AJ22: =IF(AF22=0,1,0) -> 0 | AK22: =IF(AND(AJ22=1,AI22="aktif"),D22,"") | AL22: CAR | AM22: =COUNTIF($H$5:$H$2564,H22) -> 1 | AN22: =ISNUMBER(V22) -> TRUE
A23: =H23&L23 -> CA02E01550071397 | B23: =R23+S23 -> 0 | C23: =T23+U23 -> 0 | D23: =LEFT(H23,2) -> CA | E23: =MID(H23,3,2) -> 02 | F23: =MID(H23,5,1) -> E | G23: =RIGHT(H23,2) -> 01 | H23: CA02E01 | I23: 01I26JJ | J23: 46274 | K23: 47727 | L23: 550071397 | M23: =IF(ISNA(VLOOKUP(L23,'MASTER DATA'!$A$1:$B$192,2,0)),"",VLOOKUP(L23,'MASTER DATA'!$A$1:$B$192,2,0)) -> HelixHX515W40SNCF_4*4L_A04W | N23: 36 | O23: =(V23-P23)/Q23 -> 1 | P23: =MOD(V23,Q23) -> 0 | Q23: =VLOOKUP(L23,'MASTER DATA'!$A$1:$E$192,5,0) -> 36 | R23: =SUMIF('picking of the day'!$H$4:$H$358,WMS!H23&WMS!L23,'picking of the day'!$E$4:$E$358) -> 0 | U23: =IF(ISNA(VLOOKUP(H23,'data putaway'!$A$1:$E$530,3,0)),0,VLOOKUP(H23,'data putaway'!$A$1:$E$530,3,0)) -> 0 | V23: =(N23+T23+U23)-(R23+S23) -> 36 | W23: =IF(ISNA(VLOOKUP(H23,'data putaway'!$A$1:$E$530,2,0)),0,VLOOKUP(H23,'data putaway'!$A$1:$E$530,2,0)) -> 0 | X23: =W23=L23 -> FALSE | Y23: =IF(ISNA(VLOOKUP(H23,'data putaway'!$A$1:$E$530,4,0)),0,VLOOKUP(H23,'data putaway'!$A$1:$E$530,4,0)) -> 0 | Z23: =IF(ISNA(VLOOKUP(H23,'data putaway'!$A$1:$E$530,5,0)),0,VLOOKUP(H23,'data putaway'!$A$1:$E$530,5,0)) -> 0 | AA23: =Y23=I23 -> FALSE | AB23: =Z23=K23 -> FALSE | AC23: =IF(J23="","",DATEDIF(J23,NOW(),"ym")&" Month"&", "&DATEDIF(J23,NOW(),"md")&" Days") -> 0 Month, 9 Days | AD23: =IF(K23="","",DATEDIF(NOW(),K23,"y")&" Year"&", "&DATEDIF(NOW(),K23,"ym")&" Month"&", "&DATEDIF(NOW(),K23,"md")&" Days") -> 3 Year, 11 Month, 14 Days | AE23: =N23+U23 -> 36 | AF23: =IF(V23>0,1,0) -> 1 | AG23: =D23&E23 -> CA02 | AH23: =IF(ISNA(VLOOKUP(L23,'MASTER DATA'!$A$1:$F$192,6,0)),0,VLOOKUP(L23,'MASTER DATA'!$A$1:$F$192,6,0))*AE23 -> 576 | AI23: =VLOOKUP($D23,'warehouse mapping'!$AN$7:$AO$17,2,0) -> Aktif | AJ23: =IF(AF23=0,1,0) -> 0 | AK23: =IF(AND(AJ23=1,AI23="aktif"),D23,"") | AL23: CAR | AM23: =COUNTIF($H$5:$H$2564,H23) -> 1 | AN23: =ISNUMBER(V23) -> TRUE
A24: =H24&L24 -> CA02E02550047302 | B24: =R24+S24 -> 0 | C24: =T24+U24 -> 0 | D24: =LEFT(H24,2) -> CA | E24: =MID(H24,3,2) -> 02 | F24: =MID(H24,5,1) -> E | G24: =RIGHT(H24,2) -> 02 | H24: CA02E02 | I24: 17G26JJ | J24: 46228 | K24: 47681 | L24: 550047302 | M24: =IF(ISNA(VLOOKUP(L24,'MASTER DATA'!$A$1:$B$192,2,0)),"",VLOOKUP(L24,'MASTER DATA'!$A$1:$B$192,2,0)) -> Advance SX2Solvfe_12*0.7L_A04W | N24: 48 | O24: =(V24-P24)/Q24 -> 1 | P24: =MOD(V24,Q24) -> 0 | Q24: =VLOOKUP(L24,'MASTER DATA'!$A$1:$E$192,5,0) -> 48 | R24: =SUMIF('picking of the day'!$H$4:$H$358,WMS!H24&WMS!L24,'picking of the day'!$E$4:$E$358) -> 0 | U24: =IF(ISNA(VLOOKUP(H24,'data putaway'!$A$1:$E$530,3,0)),0,VLOOKUP(H24,'data putaway'!$A$1:$E$530,3,0)) -> 0 | V24: =(N24+T24+U24)-(R24+S24) -> 48 | W24: =IF(ISNA(VLOOKUP(H24,'data putaway'!$A$1:$E$530,2,0)),0,VLOOKUP(H24,'data putaway'!$A$1:$E$530,2,0)) -> 0 | X24: =W24=L24 -> FALSE | Y24: =IF(ISNA(VLOOKUP(H24,'data putaway'!$A$1:$E$530,4,0)),0,VLOOKUP(H24,'data putaway'!$A$1:$E$530,4,0)) -> 0 | Z24: =IF(ISNA(VLOOKUP(H24,'data putaway'!$A$1:$E$530,5,0)),0,VLOOKUP(H24,'data putaway'!$A$1:$E$530,5,0)) -> 0 | AA24: =Y24=I24 -> FALSE | AB24: =Z24=K24 -> FALSE | AC24: =IF(J24="","",DATEDIF(J24,NOW(),"ym")&" Month"&", "&DATEDIF(J24,NOW(),"md")&" Days") -> 1 Month, 24 Days | AD24: =IF(K24="","",DATEDIF(NOW(),K24,"y")&" Year"&", "&DATEDIF(NOW(),K24,"ym")&" Month"&", "&DATEDIF(NOW(),K24,"md")&" Days") -> 3 Year, 9 Month, 29 Days | AE24: =N24+U24 -> 48 | AF24: =IF(V24>0,1,0) -> 1 | AG24: =D24&E24 -> CA02 | AH24: =IF(ISNA(VLOOKUP(L24,'MASTER DATA'!$A$1:$F$192,6,0)),0,VLOOKUP(L24,'MASTER DATA'!$A$1:$F$192,6,0))*AE24 -> 403.2 | AI24: =VLOOKUP($D24,'warehouse mapping'!$AN$7:$AO$17,2,0) -> Aktif | AJ24: =IF(AF24=0,1,0) -> 0 | AK24: =IF(AND(AJ24=1,AI24="aktif"),D24,"") | AL24: CAR | AM24: =COUNTIF($H$5:$H$2564,H24) -> 1 | AN24: =ISNUMBER(V24) -> TRUE
A25: =H25&L25 -> CA03A01550027259 | B25: =R25+S25 -> 0 | C25: =T25+U25 -> 0 | D25: =LEFT(H25,2) -> CA | E25: =MID(H25,3,2) -> 03 | F25: =MID(H25,5,1) -> A | G25: =RIGHT(H25,2) -> 01 | H25: CA03A01 | I25: 12688349 | J25: 46276 | K25: 47716 | L25: 550027259 | M25: =IF(ISNA(VLOOKUP(L25,'MASTER DATA'!$A$1:$B$192,2,0)),"",VLOOKUP(L25,'MASTER DATA'!$A$1:$B$192,2,0)) -> Gadus S2 V220 2_1*770kg_A227 | N25: 1 | O25: =(V25-P25)/Q25 -> 1 | P25: =MOD(V25,Q25) -> 0 | Q25: =VLOOKUP(L25,'MASTER DATA'!$A$1:$E$192,5,0) -> 1 | R25: =SUMIF('picking of the day'!$H$4:$H$358,WMS!H25&WMS!L25,'picking of the day'!$E$4:$E$358) -> 0 | U25: =IF(ISNA(VLOOKUP(H25,'data putaway'!$A$1:$E$530,3,0)),0,VLOOKUP(H25,'data putaway'!$A$1:$E$530,3,0)) -> 0 | V25: =(N25+T25+U25)-(R25+S25) -> 1 | W25: =IF(ISNA(VLOOKUP(H25,'data putaway'!$A$1:$E$530,2,0)),0,VLOOKUP(H25,'data putaway'!$A$1:$E$530,2,0)) -> 0 | X25: =W25=L25 -> FALSE | Y25: =IF(ISNA(VLOOKUP(H25,'data putaway'!$A$1:$E$530,4,0)),0,VLOOKUP(H25,'data putaway'!$A$1:$E$530,4,0)) -> 0 | Z25: =IF(ISNA(VLOOKUP(H25,'data putaway'!$A$1:$E$530,5,0)),0,VLOOKUP(H25,'data putaway'!$A$1:$E$530,5,0)) -> 0 | AA25: =Y25=I25 -> FALSE | AB25: =Z25=K25 -> FALSE | AC25: =IF(J25="","",DATEDIF(J25,NOW(),"ym")&" Month"&", "&DATEDIF(J25,NOW(),"md")&" Days") -> 0 Month, 7 Days | AD25: cke` | AE25: =N25+U25 -> 1 | AF25: =IF(V25>0,1,0) -> 1 | AG25: =D25&E25 -> CA03 | AH25: =IF(ISNA(VLOOKUP(L25,'MASTER DATA'!$A$1:$F$192,6,0)),0,VLOOKUP(L25,'MASTER DATA'!$A$1:$F$192,6,0))*AE25 -> 770 | AI25: =VLOOKUP($D25,'warehouse mapping'!$AN$7:$AO$17,2,0) -> Aktif | AJ25: =IF(AF25=0,1,0) -> 0 | AK25: =IF(AND(AJ25=1,AI25="aktif"),D25,"") | AM25: =COUNTIF($H$5:$H$2564,H25) -> 1 | AN25: =ISNUMBER(V25) -> TRUE
A26: =H26&L26 -> CA03A02550062285 | B26: =R26+S26 -> 0 | C26: =T26+U26 -> 0 | D26: =LEFT(H26,2) -> CA | E26: =MID(H26,3,2) -> 03 | F26: =MID(H26,5,1) -> A | G26: =RIGHT(H26,2) -> 02 | H26: CA03A02 | I26: 12626158 | J26: 46123 | K26: 47564 | L26: 550062285 | M26: =IF(ISNA(VLOOKUP(L26,'MASTER DATA'!$A$1:$B$192,2,0)),"",VLOOKUP(L26,'MASTER DATA'!$A$1:$B$192,2,0)) -> Gadus S3 V460DM 2_1*770kg_A227 | N26: 1 | O26: =(V26-P26)/Q26 -> 1 | P26: =MOD(V26,Q26) -> 0 | Q26: =VLOOKUP(L26,'MASTER DATA'!$A$1:$E$192,5,0) -> 1 | R26: =SUMIF('picking of the day'!$H$4:$H$358,WMS!H26&WMS!L26,'picking of the day'!$E$4:$E$358) -> 0 | U26: =IF(ISNA(VLOOKUP(H26,'data putaway'!$A$1:$E$530,3,0)),0,VLOOKUP(H26,'data putaway'!$A$1:$E$530,3,0)) -> 0 | V26: =(N26+T26+U26)-(R26+S26) -> 1 | W26: =IF(ISNA(VLOOKUP(H26,'data putaway'!$A$1:$E$530,2,0)),0,VLOOKUP(H26,'data putaway'!$A$1:$E$530,2,0)) -> 0 | X26: =W26=L26 -> FALSE | Y26: =IF(ISNA(VLOOKUP(H26,'data putaway'!$A$1:$E$530,4,0)),0,VLOOKUP(H26,'data putaway'!$A$1:$E$530,4,0)) -> 0 | Z26: =IF(ISNA(VLOOKUP(H26,'data putaway'!$A$1:$E$530,5,0)),0,VLOOKUP(H26,'data putaway'!$A$1:$E$530,5,0)) -> 0 | AA26: =Y26=I26 -> FALSE | AB26: =Z26=K26 -> FALSE | AC26: =IF(J26="","",DATEDIF(J26,NOW(),"ym")&" Month"&", "&DATEDIF(J26,NOW(),"md")&" Days") -> 5 Month, 7 Days | AD26: =IF(K26="","",DATEDIF(NOW(),K26,"y")&" Year"&", "&DATEDIF(NOW(),K26,"ym")&" Month"&", "&DATEDIF(NOW(),K26,"md")&" Days") -> 3 Year, 6 Month, 4 Days | AE26: =N26+U26 -> 1 | AF26: =IF(V26>0,1,0) -> 1 | AG26: =D26&E26 -> CA03 | AH26: =IF(ISNA(VLOOKUP(L26,'MASTER DATA'!$A$1:$F$192,6,0)),0,VLOOKUP(L26,'MASTER DATA'!$A$1:$F$192,6,0))*AE26 -> 770 | AI26: =VLOOKUP($D26,'warehouse mapping'!$AN$7:$AO$17,2,0) -> Aktif | AJ26: =IF(AF26=0,1,0) -> 0 | AK26: =IF(AND(AJ26=1,AI26="aktif"),D26,"") | AL26: Fluidbag | AM26: =COUNTIF($H$5:$H$2564,H26) -> 1 | AN26: =ISNUMBER(V26) -> TRUE
A27: =H27&L27 -> CA03B01550062285 | B27: =R27+S27 -> 0 | C27: =T27+U27 -> 0 | D27: =LEFT(H27,2) -> CA | E27: =MID(H27,3,2) -> 03 | F27: =MID(H27,5,1) -> B | G27: =RIGHT(H27,2) -> 01 | H27: CA03B01 | I27: 12626160 | J27: 46122 | K27: 47563 | L27: 550062285 | M27: =IF(ISNA(VLOOKUP(L27,'MASTER DATA'!$A$1:$B$192,2,0)),"",VLOOKUP(L27,'MASTER DATA'!$A$1:$B$192,2,0)) -> Gadus S3 V460DM 2_1*770kg_A227 | N27: 1 | O27: =(V27-P27)/Q27 -> 1 | P27: =MOD(V27,Q27) -> 0 | Q27: =VLOOKUP(L27,'MASTER DATA'!$A$1:$E$192,5,0) -> 1 | R27: =SUMIF('picking of the day'!$H$4:$H$358,WMS!H27&WMS!L27,'picking of the day'!$E$4:$E$358) -> 0 | U27: =IF(ISNA(VLOOKUP(H27,'data putaway'!$A$1:$E$530,3,0)),0,VLOOKUP(H27,'data putaway'!$A$1:$E$530,3,0)) -> 0 | V27: =(N27+T27+U27)-(R27+S27) -> 1 | W27: =IF(ISNA(VLOOKUP(H27,'data putaway'!$A$1:$E$530,2,0)),0,VLOOKUP(H27,'data putaway'!$A$1:$E$530,2,0)) -> 0 | X27: =W27=L27 -> FALSE | Y27: =IF(ISNA(VLOOKUP(H27,'data putaway'!$A$1:$E$530,4,0)),0,VLOOKUP(H27,'data putaway'!$A$1:$E$530,4,0)) -> 0 | Z27: =IF(ISNA(VLOOKUP(H27,'data putaway'!$A$1:$E$530,5,0)),0,VLOOKUP(H27,'data putaway'!$A$1:$E$530,5,0)) -> 0 | AA27: =Y27=I27 -> FALSE | AB27: =Z27=K27 -> FALSE | AC27: =IF(J27="","",DATEDIF(J27,NOW(),"ym")&" Month"&", "&DATEDIF(J27,NOW(),"md")&" Days") -> 5 Month, 8 Days | AD27: =IF(K27="","",DATEDIF(NOW(),K27,"y")&" Year"&", "&DATEDIF(NOW(),K27,"ym")&" Month"&", "&DATEDIF(NOW(),K27,"md")&" Days") -> 3 Year, 6 Month, 3 Days | AE27: =N27+U27 -> 1 | AF27: =IF(V27>0,1,0) -> 1 | AG27: =D27&E27 -> CA03 | AH27: =IF(ISNA(VLOOKUP(L27,'MASTER DATA'!$A$1:$F$192,6,0)),0,VLOOKUP(L27,'MASTER DATA'!$A$1:$F$192,6,0))*AE27 -> 770 | AI27: =VLOOKUP($D27,'warehouse mapping'!$AN$7:$AO$17,2,0) -> Aktif | AJ27: =IF(AF27=0,1,0) -> 0 | AK27: =IF(AND(AJ27=1,AI27="aktif"),D27,"") | AL27: Fluidbag | AM27: =COUNTIF($H$5:$H$2564,H27) -> 1 | AN27: =ISNUMBER(V27) -> TRUE
A28: =H28&L28 -> CA03B02550062285 | B28: =R28+S28 -> 0 | C28: =T28+U28 -> 0 | D28: =LEFT(H28,2) -> CA | E28: =MID(H28,3,2) -> 03 | F28: =MID(H28,5,1) -> B | G28: =RIGHT(H28,2) -> 02 | H28: CA03B02 | I28: 12626160 | J28: 46122 | K28: 47563 | L28: 550062285 | M28: =IF(ISNA(VLOOKUP(L28,'MASTER DATA'!$A$1:$B$192,2,0)),"",VLOOKUP(L28,'MASTER DATA'!$A$1:$B$192,2,0)) -> Gadus S3 V460DM 2_1*770kg_A227 | N28: 1 | O28: =(V28-P28)/Q28 -> 1 | P28: =MOD(V28,Q28) -> 0 | Q28: =VLOOKUP(L28,'MASTER DATA'!$A$1:$E$192,5,0) -> 1 | R28: =SUMIF('picking of the day'!$H$4:$H$358,WMS!H28&WMS!L28,'picking of the day'!$E$4:$E$358) -> 0 | U28: =IF(ISNA(VLOOKUP(H28,'data putaway'!$A$1:$E$530,3,0)),0,VLOOKUP(H28,'data putaway'!$A$1:$E$530,3,0)) -> 0 | V28: =(N28+T28+U28)-(R28+S28) -> 1 | W28: =IF(ISNA(VLOOKUP(H28,'data putaway'!$A$1:$E$530,2,0)),0,VLOOKUP(H28,'data putaway'!$A$1:$E$530,2,0)) -> 0 | X28: =W28=L28 -> FALSE | Y28: =IF(ISNA(VLOOKUP(H28,'data putaway'!$A$1:$E$530,4,0)),0,VLOOKUP(H28,'data putaway'!$A$1:$E$530,4,0)) -> 0 | Z28: =IF(ISNA(VLOOKUP(H28,'data putaway'!$A$1:$E$530,5,0)),0,VLOOKUP(H28,'data putaway'!$A$1:$E$530,5,0)) -> 0 | AA28: =Y28=I28 -> FALSE | AB28: =Z28=K28 -> FALSE | AC28: =IF(J28="","",DATEDIF(J28,NOW(),"ym")&" Month"&", "&DATEDIF(J28,NOW(),"md")&" Days") -> 5 Month, 8 Days | AD28: =IF(K28="","",DATEDIF(NOW(),K28,"y")&" Year"&", "&DATEDIF(NOW(),K28,"ym")&" Month"&", "&DATEDIF(NOW(),K28,"md")&" Days") -> 3 Year, 6 Month, 3 Days | AE28: =N28+U28 -> 1 | AF28: =IF(V28>0,1,0) -> 1 | AG28: =D28&E28 -> CA03 | AH28: =IF(ISNA(VLOOKUP(L28,'MASTER DATA'!$A$1:$F$192,6,0)),0,VLOOKUP(L28,'MASTER DATA'!$A$1:$F$192,6,0))*AE28 -> 770 | AI28: =VLOOKUP($D28,'warehouse mapping'!$AN$7:$AO$17,2,0) -> Aktif | AJ28: =IF(AF28=0,1,0) -> 0 | AK28: =IF(AND(AJ28=1,AI28="aktif"),D28,"") | AL28: Fluidbag | AM28: =COUNTIF($H$5:$H$2564,H28) -> 1 | AN28: =ISNUMBER(V28) -> TRUE
A29: =H29&L29 -> CA03C01550062464 | B29: =R29+S29 -> 0 | C29: =T29+U29 -> 0 | D29: =LEFT(H29,2) -> CA | E29: =MID(H29,3,2) -> 03 | F29: =MID(H29,5,1) -> C | G29: =RIGHT(H29,2) -> 01 | H29: CA03C01 | I29: 17H26JJ | J29: 46261 | K29: 47712 | L29: 550062464 | M29: =IF(ISNA(VLOOKUP(L29,'MASTER DATA'!$A$1:$B$192,2,0)),"",VLOOKUP(L29,'MASTER DATA'!$A$1:$B$192,2,0)) -> Adv4TAX7Sc10W30SNMB_12*0.8L_A04W | N29: 48 | O29: =(V29-P29)/Q29 -> 1 | P29: =MOD(V29,Q29) -> 0 | Q29: =VLOOKUP(L29,'MASTER DATA'!$A$1:$E$192,5,0) -> 48 | R29: =SUMIF('picking of the day'!$H$4:$H$358,WMS!H29&WMS!L29,'picking of the day'!$E$4:$E$358) -> 0 | U29: =IF(ISNA(VLOOKUP(H29,'data putaway'!$A$1:$E$530,3,0)),0,VLOOKUP(H29,'data putaway'!$A$1:$E$530,3,0)) -> 0 | V29: =(N29+T29+U29)-(R29+S29) -> 48 | W29: =IF(ISNA(VLOOKUP(H29,'data putaway'!$A$1:$E$530,2,0)),0,VLOOKUP(H29,'data putaway'!$A$1:$E$530,2,0)) -> 0 | X29: =W29=L29 -> FALSE | Y29: =IF(ISNA(VLOOKUP(H29,'data putaway'!$A$1:$E$530,4,0)),0,VLOOKUP(H29,'data putaway'!$A$1:$E$530,4,0)) -> 0 | Z29: =IF(ISNA(VLOOKUP(H29,'data putaway'!$A$1:$E$530,5,0)),0,VLOOKUP(H29,'data putaway'!$A$1:$E$530,5,0)) -> 0 | AA29: =Y29=I29 -> FALSE | AB29: =Z29=K29 -> FALSE | AC29: =IF(J29="","",DATEDIF(J29,NOW(),"ym")&" Month"&", "&DATEDIF(J29,NOW(),"md")&" Days") -> 0 Month, 22 Days | AD29: =IF(K29="","",DATEDIF(NOW(),K29,"y")&" Year"&", "&DATEDIF(NOW(),K29,"ym")&" Month"&", "&DATEDIF(NOW(),K29,"md")&" Days") -> 3 Year, 10 Month, 30 Days | AE29: =N29+U29 -> 48 | AF29: =IF(V29>0,1,0) -> 1 | AG29: =D29&E29 -> CA03 | AH29: =IF(ISNA(VLOOKUP(L29,'MASTER DATA'!$A$1:$F$192,6,0)),0,VLOOKUP(L29,'MASTER DATA'!$A$1:$F$192,6,0))*AE29 -> 460.8 | AI29: =VLOOKUP($D29,'warehouse mapping'!$AN$7:$AO$17,2,0) -> Aktif | AJ29: =IF(AF29=0,1,0) -> 0 | AK29: =IF(AND(AJ29=1,AI29="aktif"),D29,"") | AL29: CAR | AM29: =COUNTIF($H$5:$H$2564,H29) -> 1 | AN29: =ISNUMBER(V29) -> TRUE
A30: =H30&L30 -> CA03C02550062464 | B30: =R30+S30 -> 0 | C30: =T30+U30 -> 0 | D30: =LEFT(H30,2) -> CA | E30: =MID(H30,3,2) -> 03 | F30: =MID(H30,5,1) -> C | G30: =RIGHT(H30,2) -> 02 | H30: CA03C02 | I30: 17H26JJ | J30: 46261 | K30: 47712 | L30: 550062464 | M30: =IF(ISNA(VLOOKUP(L30,'MASTER DATA'!$A$1:$B$192,2,0)),"",VLOOKUP(L30,'MASTER DATA'!$A$1:$B$192,2,0)) -> Adv4TAX7Sc10W30SNMB_12*0.8L_A04W | N30: 48 | O30: =(V30-P30)/Q30 -> 1 | P30: =MOD(V30,Q30) -> 0 | Q30: =VLOOKUP(L30,'MASTER DATA'!$A$1:$E$192,5,0) -> 48 | R30: =SUMIF('picking of the day'!$H$4:$H$358,WMS!H30&WMS!L30,'picking of the day'!$E$4:$E$358) -> 0 | U30: =IF(ISNA(VLOOKUP(H30,'data putaway'!$A$1:$E$530,3,0)),0,VLOOKUP(H30,'data putaway'!$A$1:$E$530,3,0)) -> 0 | V30: =(N30+T30+U30)-(R30+S30) -> 48 | W30: =IF(ISNA(VLOOKUP(H30,'data putaway'!$A$1:$E$530,2,0)),0,VLOOKUP(H30,'data putaway'!$A$1:$E$530,2,0)) -> 0 | X30: =W30=L30 -> FALSE | Y30: =IF(ISNA(VLOOKUP(H30,'data putaway'!$A$1:$E$530,4,0)),0,VLOOKUP(H30,'data putaway'!$A$1:$E$530,4,0)) -> 0 | Z30: =IF(ISNA(VLOOKUP(H30,'data putaway'!$A$1:$E$530,5,0)),0,VLOOKUP(H30,'data putaway'!$A$1:$E$530,5,0)) -> 0 | AA30: =Y30=I30 -> FALSE | AB30: =Z30=K30 -> FALSE | AC30: =IF(J30="","",DATEDIF(J30,NOW(),"ym")&" Month"&", "&DATEDIF(J30,NOW(),"md")&" Days") -> 0 Month, 22 Days | AD30: =IF(K30="","",DATEDIF(NOW(),K30,"y")&" Year"&", "&DATEDIF(NOW(),K30,"ym")&" Month"&", "&DATEDIF(NOW(),K30,"md")&" Days") -> 3 Year, 10 Month, 30 Days | AE30: =N30+U30 -> 48 | AF30: =IF(V30>0,1,0) -> 1 | AG30: =D30&E30 -> CA03 | AH30: =IF(ISNA(VLOOKUP(L30,'MASTER DATA'!$A$1:$F$192,6,0)),0,VLOOKUP(L30,'MASTER DATA'!$A$1:$F$192,6,0))*AE30 -> 460.8 | AI30: =VLOOKUP($D30,'warehouse mapping'!$AN$7:$AO$17,2,0) -> Aktif | AJ30: =IF(AF30=0,1,0) -> 0 | AK30: =IF(AND(AJ30=1,AI30="aktif"),D30,"") | AL30: CAR | AM30: =COUNTIF($H$5:$H$2564,H30) -> 1 | AN30: =ISNUMBER(V30) -> TRUE
A31: =H31&L31 -> CA03D01550062464 | B31: =R31+S31 -> 0 | C31: =T31+U31 -> 0 | D31: =LEFT(H31,2) -> CA | E31: =MID(H31,3,2) -> 03 | F31: =MID(H31,5,1) -> D | G31: =RIGHT(H31,2) -> 01 | H31: CA03D01 | I31: 17H26JJ | J31: 46261 | K31: 47712 | L31: 550062464 | M31: =IF(ISNA(VLOOKUP(L31,'MASTER DATA'!$A$1:$B$192,2,0)),"",VLOOKUP(L31,'MASTER DATA'!$A$1:$B$192,2,0)) -> Adv4TAX7Sc10W30SNMB_12*0.8L_A04W | N31: 48 | O31: =(V31-P31)/Q31 -> 1 | P31: =MOD(V31,Q31) -> 0 | Q31: =VLOOKUP(L31,'MASTER DATA'!$A$1:$E$192,5,0) -> 48 | R31: =SUMIF('picking of the day'!$H$4:$H$358,WMS!H31&WMS!L31,'picking of the day'!$E$4:$E$358) -> 0 | U31: =IF(ISNA(VLOOKUP(H31,'data putaway'!$A$1:$E$530,3,0)),0,VLOOKUP(H31,'data putaway'!$A$1:$E$530,3,0)) -> 0 | V31: =(N31+T31+U31)-(R31+S31) -> 48 | W31: =IF(ISNA(VLOOKUP(H31,'data putaway'!$A$1:$E$530,2,0)),0,VLOOKUP(H31,'data putaway'!$A$1:$E$530,2,0)) -> 0 | X31: =W31=L31 -> FALSE | Y31: =IF(ISNA(VLOOKUP(H31,'data putaway'!$A$1:$E$530,4,0)),0,VLOOKUP(H31,'data putaway'!$A$1:$E$530,4,0)) -> 0 | Z31: =IF(ISNA(VLOOKUP(H31,'data putaway'!$A$1:$E$530,5,0)),0,VLOOKUP(H31,'data putaway'!$A$1:$E$530,5,0)) -> 0 | AA31: =Y31=I31 -> FALSE | AB31: =Z31=K31 -> FALSE | AC31: =IF(J31="","",DATEDIF(J31,NOW(),"ym")&" Month"&", "&DATEDIF(J31,NOW(),"md")&" Days") -> 0 Month, 22 Days | AD31: =IF(K31="","",DATEDIF(NOW(),K31,"y")&" Year"&", "&DATEDIF(NOW(),K31,"ym")&" Month"&", "&DATEDIF(NOW(),K31,"md")&" Days") -> 3 Year, 10 Month, 30 Days | AE31: =N31+U31 -> 48 | AF31: =IF(V31>0,1,0) -> 1 | AG31: =D31&E31 -> CA03 | AH31: =IF(ISNA(VLOOKUP(L31,'MASTER DATA'!$A$1:$F$192,6,0)),0,VLOOKUP(L31,'MASTER DATA'!$A$1:$F$192,6,0))*AE31 -> 460.8 | AI31: =VLOOKUP($D31,'warehouse mapping'!$AN$7:$AO$17,2,0) -> Aktif | AJ31: =IF(AF31=0,1,0) -> 0 | AK31: =IF(AND(AJ31=1,AI31="aktif"),D31,"") | AL31: CAR | AM31: =COUNTIF($H$5:$H$2564,H31) -> 1 | AN31: =ISNUMBER(V31) -> TRUE
A32: =H32&L32 -> CA03D02550062464 | B32: =R32+S32 -> 0 | C32: =T32+U32 -> 0 | D32: =LEFT(H32,2) -> CA | E32: =MID(H32,3,2) -> 03 | F32: =MID(H32,5,1) -> D | G32: =RIGHT(H32,2) -> 02 | H32: CA03D02 | I32: 17H26JJ | J32: 46261 | K32: 47712 | L32: 550062464 | M32: =IF(ISNA(VLOOKUP(L32,'MASTER DATA'!$A$1:$B$192,2,0)),"",VLOOKUP(L32,'MASTER DATA'!$A$1:$B$192,2,0)) -> Adv4TAX7Sc10W30SNMB_12*0.8L_A04W | N32: 48 | O32: =(V32-P32)/Q32 -> 1 | P32: =MOD(V32,Q32) -> 0 | Q32: =VLOOKUP(L32,'MASTER DATA'!$A$1:$E$192,5,0) -> 48 | R32: =SUMIF('picking of the day'!$H$4:$H$358,WMS!H32&WMS!L32,'picking of the day'!$E$4:$E$358) -> 0 | U32: =IF(ISNA(VLOOKUP(H32,'data putaway'!$A$1:$E$530,3,0)),0,VLOOKUP(H32,'data putaway'!$A$1:$E$530,3,0)) -> 0 | V32: =(N32+T32+U32)-(R32+S32) -> 48 | W32: =IF(ISNA(VLOOKUP(H32,'data putaway'!$A$1:$E$530,2,0)),0,VLOOKUP(H32,'data putaway'!$A$1:$E$530,2,0)) -> 0 | X32: =W32=L32 -> FALSE | Y32: =IF(ISNA(VLOOKUP(H32,'data putaway'!$A$1:$E$530,4,0)),0,VLOOKUP(H32,'data putaway'!$A$1:$E$530,4,0)) -> 0 | Z32: =IF(ISNA(VLOOKUP(H32,'data putaway'!$A$1:$E$530,5,0)),0,VLOOKUP(H32,'data putaway'!$A$1:$E$530,5,0)) -> 0 | AA32: =Y32=I32 -> FALSE | AB32: =Z32=K32 -> FALSE | AC32: =IF(J32="","",DATEDIF(J32,NOW(),"ym")&" Month"&", "&DATEDIF(J32,NOW(),"md")&" Days") -> 0 Month, 22 Days | AD32: =IF(K32="","",DATEDIF(NOW(),K32,"y")&" Year"&", "&DATEDIF(NOW(),K32,"ym")&" Month"&", "&DATEDIF(NOW(),K32,"md")&" Days") -> 3 Year, 10 Month, 30 Days | AE32: =N32+U32 -> 48 | AF32: =IF(V32>0,1,0) -> 1 | AG32: =D32&E32 -> CA03 | AH32: =IF(ISNA(VLOOKUP(L32,'MASTER DATA'!$A$1:$F$192,6,0)),0,VLOOKUP(L32,'MASTER DATA'!$A$1:$F$192,6,0))*AE32 -> 460.8 | AI32: =VLOOKUP($D32,'warehouse mapping'!$AN$7:$AO$17,2,0) -> Aktif | AJ32: =IF(AF32=0,1,0) -> 0 | AK32: =IF(AND(AJ32=1,AI32="aktif"),D32,"") | AL32: CAR | AM32: =COUNTIF($H$5:$H$2564,H32) -> 1 | AN32: =ISNUMBER(V32) -> TRUE
A33: =H33&L33 -> CA03E01550062464 | B33: =R33+S33 -> 0 | C33: =T33+U33 -> 0 | D33: =LEFT(H33,2) -> CA | E33: =MID(H33,3,2) -> 03 | F33: =MID(H33,5,1) -> E | G33: =RIGHT(H33,2) -> 01 | H33: CA03E01 | I33: 17H26JJ | J33: 46261 | K33: 47712 | L33: 550062464 | M33: =IF(ISNA(VLOOKUP(L33,'MASTER DATA'!$A$1:$B$192,2,0)),"",VLOOKUP(L33,'MASTER DATA'!$A$1:$B$192,2,0)) -> Adv4TAX7Sc10W30SNMB_12*0.8L_A04W | N33: 48 | O33: =(V33-P33)/Q33 -> 1 | P33: =MOD(V33,Q33) -> 0 | Q33: =VLOOKUP(L33,'MASTER DATA'!$A$1:$E$192,5,0) -> 48 | R33: =SUMIF('picking of the day'!$H$4:$H$358,WMS!H33&WMS!L33,'picking of the day'!$E$4:$E$358) -> 0 | U33: =IF(ISNA(VLOOKUP(H33,'data putaway'!$A$1:$E$530,3,0)),0,VLOOKUP(H33,'data putaway'!$A$1:$E$530,3,0)) -> 0 | V33: =(N33+T33+U33)-(R33+S33) -> 48 | W33: =IF(ISNA(VLOOKUP(H33,'data putaway'!$A$1:$E$530,2,0)),0,VLOOKUP(H33,'data putaway'!$A$1:$E$530,2,0)) -> 0 | X33: =W33=L33 -> FALSE | Y33: =IF(ISNA(VLOOKUP(H33,'data putaway'!$A$1:$E$530,4,0)),0,VLOOKUP(H33,'data putaway'!$A$1:$E$530,4,0)) -> 0 | Z33: =IF(ISNA(VLOOKUP(H33,'data putaway'!$A$1:$E$530,5,0)),0,VLOOKUP(H33,'data putaway'!$A$1:$E$530,5,0)) -> 0 | AA33: =Y33=I33 -> FALSE | AB33: =Z33=K33 -> FALSE | AC33: =IF(J33="","",DATEDIF(J33,NOW(),"ym")&" Month"&", "&DATEDIF(J33,NOW(),"md")&" Days") -> 0 Month, 22 Days | AD33: =IF(K33="","",DATEDIF(NOW(),K33,"y")&" Year"&", "&DATEDIF(NOW(),K33,"ym")&" Month"&", "&DATEDIF(NOW(),K33,"md")&" Days") -> 3 Year, 10 Month, 30 Days | AE33: =N33+U33 -> 48 | AF33: =IF(V33>0,1,0) -> 1 | AG33: =D33&E33 -> CA03 | AH33: =IF(ISNA(VLOOKUP(L33,'MASTER DATA'!$A$1:$F$192,6,0)),0,VLOOKUP(L33,'MASTER DATA'!$A$1:$F$192,6,0))*AE33 -> 460.8 | AI33: =VLOOKUP($D33,'warehouse mapping'!$AN$7:$AO$17,2,0) -> Aktif | AJ33: =IF(AF33=0,1,0) -> 0 | AK33: =IF(AND(AJ33=1,AI33="aktif"),D33,"") | AL33: CAR | AM33: =COUNTIF($H$5:$H$2564,H33) -> 1 | AN33: =ISNUMBER(V33) -> TRUE
A34: =H34&L34 -> CA03E02550062464 | B34: =R34+S34 -> 0 | C34: =T34+U34 -> 0 | D34: =LEFT(H34,2) -> CA | E34: =MID(H34,3,2) -> 03 | F34: =MID(H34,5,1) -> E | G34: =RIGHT(H34,2) -> 02 | H34: CA03E02 | I34: 17H26JJ | J34: 46261 | K34: 47712 | L34: 550062464 | M34: =IF(ISNA(VLOOKUP(L34,'MASTER DATA'!$A$1:$B$192,2,0)),"",VLOOKUP(L34,'MASTER DATA'!$A$1:$B$192,2,0)) -> Adv4TAX7Sc10W30SNMB_12*0.8L_A04W | N34: 48 | O34: =(V34-P34)/Q34 -> 1 | P34: =MOD(V34,Q34) -> 0 | Q34: =VLOOKUP(L34,'MASTER DATA'!$A$1:$E$192,5,0) -> 48 | R34: =SUMIF('picking of the day'!$H$4:$H$358,WMS!H34&WMS!L34,'picking of the day'!$E$4:$E$358) -> 0 | U34: =IF(ISNA(VLOOKUP(H34,'data putaway'!$A$1:$E$530,3,0)),0,VLOOKUP(H34,'data putaway'!$A$1:$E$530,3,0)) -> 0 | V34: =(N34+T34+U34)-(R34+S34) -> 48 | W34: =IF(ISNA(VLOOKUP(H34,'data putaway'!$A$1:$E$530,2,0)),0,VLOOKUP(H34,'data putaway'!$A$1:$E$530,2,0)) -> 0 | X34: =W34=L34 -> FALSE | Y34: =IF(ISNA(VLOOKUP(H34,'data putaway'!$A$1:$E$530,4,0)),0,VLOOKUP(H34,'data putaway'!$A$1:$E$530,4,0)) -> 0 | Z34: =IF(ISNA(VLOOKUP(H34,'data putaway'!$A$1:$E$530,5,0)),0,VLOOKUP(H34,'data putaway'!$A$1:$E$530,5,0)) -> 0 | AA34: =Y34=I34 -> FALSE | AB34: =Z34=K34 -> FALSE | AC34: =IF(J34="","",DATEDIF(J34,NOW(),"ym")&" Month"&", "&DATEDIF(J34,NOW(),"md")&" Days") -> 0 Month, 22 Days | AD34: =IF(K34="","",DATEDIF(NOW(),K34,"y")&" Year"&", "&DATEDIF(NOW(),K34,"ym")&" Month"&", "&DATEDIF(NOW(),K34,"md")&" Days") -> 3 Year, 10 Month, 30 Days | AE34: =N34+U34 -> 48 | AF34: =IF(V34>0,1,0) -> 1 | AG34: =D34&E34 -> CA03 | AH34: =IF(ISNA(VLOOKUP(L34,'MASTER DATA'!$A$1:$F$192,6,0)),0,VLOOKUP(L34,'MASTER DATA'!$A$1:$F$192,6,0))*AE34 -> 460.8 | AI34: =VLOOKUP($D34,'warehouse mapping'!$AN$7:$AO$17,2,0) -> Aktif | AJ34: =IF(AF34=0,1,0) -> 0 | AK34: =IF(AND(AJ34=1,AI34="aktif"),D34,"") | AL34: CAR | AM34: =COUNTIF($H$5:$H$2564,H34) -> 1 | AN34: =ISNUMBER(V34) -> TRUE
A35: =H35&L35 -> CA04A01550027259 | B35: =R35+S35 -> 0 | C35: =T35+U35 -> 0 | D35: =LEFT(H35,2) -> CA | E35: =MID(H35,3,2) -> 04 | F35: =MID(H35,5,1) -> A | G35: =RIGHT(H35,2) -> 01 | H35: CA04A01 | I35: 12688349 | J35: 46276 | K35: 47716 | L35: 550027259 | M35: =IF(ISNA(VLOOKUP(L35,'MASTER DATA'!$A$1:$B$192,2,0)),"",VLOOKUP(L35,'MASTER DATA'!$A$1:$B$192,2,0)) -> Gadus S2 V220 2_1*770kg_A227 | N35: 1 | O35: =(V35-P35)/Q35 -> 1 | P35: =MOD(V35,Q35) -> 0 | Q35: =VLOOKUP(L35,'MASTER DATA'!$A$1:$E$192,5,0) -> 1 | R35: =SUMIF('picking of the day'!$H$4:$H$358,WMS!H35&WMS!L35,'picking of the day'!$E$4:$E$358) -> 0 | U35: =IF(ISNA(VLOOKUP(H35,'data putaway'!$A$1:$E$530,3,0)),0,VLOOKUP(H35,'data putaway'!$A$1:$E$530,3,0)) -> 0 | V35: =(N35+T35+U35)-(R35+S35) -> 1 | W35: =IF(ISNA(VLOOKUP(H35,'data putaway'!$A$1:$E$530,2,0)),0,VLOOKUP(H35,'data putaway'!$A$1:$E$530,2,0)) -> 0 | X35: =W35=L35 -> FALSE | Y35: =IF(ISNA(VLOOKUP(H35,'data putaway'!$A$1:$E$530,4,0)),0,VLOOKUP(H35,'data putaway'!$A$1:$E$530,4,0)) -> 0 | Z35: =IF(ISNA(VLOOKUP(H35,'data putaway'!$A$1:$E$530,5,0)),0,VLOOKUP(H35,'data putaway'!$A$1:$E$530,5,0)) -> 0 | AA35: =Y35=I35 -> FALSE | AB35: =Z35=K35 -> FALSE | AC35: =IF(J35="","",DATEDIF(J35,NOW(),"ym")&" Month"&", "&DATEDIF(J35,NOW(),"md")&" Days") -> 0 Month, 7 Days | AD35: =IF(K35="","",DATEDIF(NOW(),K35,"y")&" Year"&", "&DATEDIF(NOW(),K35,"ym")&" Month"&", "&DATEDIF(NOW(),K35,"md")&" Days") -> 3 Year, 11 Month, 3 Days | AE35: =N35+U35 -> 1 | AF35: =IF(V35>0,1,0) -> 1 | AG35: =D35&E35 -> CA04 | AH35: =IF(ISNA(VLOOKUP(L35,'MASTER DATA'!$A$1:$F$192,6,0)),0,VLOOKUP(L35,'MASTER DATA'!$A$1:$F$192,6,0))*AE35 -> 770 | AI35: =VLOOKUP($D35,'warehouse mapping'!$AN$7:$AO$17,2,0) -> Aktif | AJ35: =IF(AF35=0,1,0) -> 0 | AK35: =IF(AND(AJ35=1,AI35="aktif"),D35,"") | AL35: CAR | AM35: =COUNTIF($H$5:$H$2564,H35) -> 1 | AN35: =ISNUMBER(V35) -> TRUE
A36: =H36&L36 -> CA04A02550062285 | B36: =R36+S36 -> 0 | C36: =T36+U36 -> 0 | D36: =LEFT(H36,2) -> CA | E36: =MID(H36,3,2) -> 04 | F36: =MID(H36,5,1) -> A | G36: =RIGHT(H36,2) -> 02 | H36: CA04A02 | I36: 12626158 | J36: 46123 | K36: 47564 | L36: 550062285 | M36: =IF(ISNA(VLOOKUP(L36,'MASTER DATA'!$A$1:$B$192,2,0)),"",VLOOKUP(L36,'MASTER DATA'!$A$1:$B$192,2,0)) -> Gadus S3 V460DM 2_1*770kg_A227 | N36: 1 | O36: =(V36-P36)/Q36 -> 1 | P36: =MOD(V36,Q36) -> 0 | Q36: =VLOOKUP(L36,'MASTER DATA'!$A$1:$E$192,5,0) -> 1 | R36: =SUMIF('picking of the day'!$H$4:$H$358,WMS!H36&WMS!L36,'picking of the day'!$E$4:$E$358) -> 0 | U36: =IF(ISNA(VLOOKUP(H36,'data putaway'!$A$1:$E$530,3,0)),0,VLOOKUP(H36,'data putaway'!$A$1:$E$530,3,0)) -> 0 | V36: =(N36+T36+U36)-(R36+S36) -> 1 | W36: =IF(ISNA(VLOOKUP(H36,'data putaway'!$A$1:$E$530,2,0)),0,VLOOKUP(H36,'data putaway'!$A$1:$E$530,2,0)) -> 0 | X36: =W36=L36 -> FALSE | Y36: =IF(ISNA(VLOOKUP(H36,'data putaway'!$A$1:$E$530,4,0)),0,VLOOKUP(H36,'data putaway'!$A$1:$E$530,4,0)) -> 0 | Z36: =IF(ISNA(VLOOKUP(H36,'data putaway'!$A$1:$E$530,5,0)),0,VLOOKUP(H36,'data putaway'!$A$1:$E$530,5,0)) -> 0 | AA36: =Y36=I36 -> FALSE | AB36: =Z36=K36 -> FALSE | AC36: =IF(J36="","",DATEDIF(J36,NOW(),"ym")&" Month"&", "&DATEDIF(J36,NOW(),"md")&" Days") -> 5 Month, 7 Days | AD36: =IF(K36="","",DATEDIF(NOW(),K36,"y")&" Year"&", "&DATEDIF(NOW(),K36,"ym")&" Month"&", "&DATEDIF(NOW(),K36,"md")&" Days") -> 3 Year, 6 Month, 4 Days | AE36: =N36+U36 -> 1 | AF36: =IF(V36>0,1,0) -> 1 | AG36: =D36&E36 -> CA04 | AH36: =IF(ISNA(VLOOKUP(L36,'MASTER DATA'!$A$1:$F$192,6,0)),0,VLOOKUP(L36,'MASTER DATA'!$A$1:$F$192,6,0))*AE36 -> 770 | AI36: =VLOOKUP($D36,'warehouse mapping'!$AN$7:$AO$17,2,0) -> Aktif | AJ36: =IF(AF36=0,1,0) -> 0 | AK36: =IF(AND(AJ36=1,AI36="aktif"),D36,"") | AL36: Fluidbag | AM36: =COUNTIF($H$5:$H$2564,H36) -> 1 | AN36: =ISNUMBER(V36) -> TRUE
A37: =H37&L37 -> CA04B01550062285 | B37: =R37+S37 -> 0 | C37: =T37+U37 -> 0 | D37: =LEFT(H37,2) -> CA | E37: =MID(H37,3,2) -> 04 | F37: =MID(H37,5,1) -> B | G37: =RIGHT(H37,2) -> 01 | H37: CA04B01 | I37: 12626161 | J37: 46122 | K37: 47563 | L37: 550062285 | M37: =IF(ISNA(VLOOKUP(L37,'MASTER DATA'!$A$1:$B$192,2,0)),"",VLOOKUP(L37,'MASTER DATA'!$A$1:$B$192,2,0)) -> Gadus S3 V460DM 2_1*770kg_A227 | N37: 1 | O37: =(V37-P37)/Q37 -> 1 | P37: =MOD(V37,Q37) -> 0 | Q37: =VLOOKUP(L37,'MASTER DATA'!$A$1:$E$192,5,0) -> 1 | R37: =SUMIF('picking of the day'!$H$4:$H$358,WMS!H37&WMS!L37,'picking of the day'!$E$4:$E$358) -> 0 | U37: =IF(ISNA(VLOOKUP(H37,'data putaway'!$A$1:$E$530,3,0)),0,VLOOKUP(H37,'data putaway'!$A$1:$E$530,3,0)) -> 0 | V37: =(N37+T37+U37)-(R37+S37) -> 1 | W37: =IF(ISNA(VLOOKUP(H37,'data putaway'!$A$1:$E$530,2,0)),0,VLOOKUP(H37,'data putaway'!$A$1:$E$530,2,0)) -> 0 | X37: =W37=L37 -> FALSE | Y37: =IF(ISNA(VLOOKUP(H37,'data putaway'!$A$1:$E$530,4,0)),0,VLOOKUP(H37,'data putaway'!$A$1:$E$530,4,0)) -> 0 | Z37: =IF(ISNA(VLOOKUP(H37,'data putaway'!$A$1:$E$530,5,0)),0,VLOOKUP(H37,'data putaway'!$A$1:$E$530,5,0)) -> 0 | AA37: =Y37=I37 -> FALSE | AB37: =Z37=K37 -> FALSE | AC37: =IF(J37="","",DATEDIF(J37,NOW(),"ym")&" Month"&", "&DATEDIF(J37,NOW(),"md")&" Days") -> 5 Month, 8 Days | AD37: =IF(K37="","",DATEDIF(NOW(),K37,"y")&" Year"&", "&DATEDIF(NOW(),K37,"ym")&" Month"&", "&DATEDIF(NOW(),K37,"md")&" Days") -> 3 Year, 6 Month, 3 Days | AE37: =N37+U37 -> 1 | AF37: =IF(V37>0,1,0) -> 1 | AG37: =D37&E37 -> CA04 | AH37: =IF(ISNA(VLOOKUP(L37,'MASTER DATA'!$A$1:$F$192,6,0)),0,VLOOKUP(L37,'MASTER DATA'!$A$1:$F$192,6,0))*AE37 -> 770 | AI37: =VLOOKUP($D37,'warehouse mapping'!$AN$7:$AO$17,2,0) -> Aktif | AJ37: =IF(AF37=0,1,0) -> 0 | AK37: =IF(AND(AJ37=1,AI37="aktif"),D37,"") | AL37: Fluidbag | AM37: =COUNTIF($H$5:$H$2564,H37) -> 1 | AN37: =ISNUMBER(V37) -> TRUE
A38: =H38&L38 -> CA04B02550062285 | B38: =R38+S38 -> 0 | C38: =T38+U38 -> 0 | D38: =LEFT(H38,2) -> CA | E38: =MID(H38,3,2) -> 04 | F38: =MID(H38,5,1) -> B | G38: =RIGHT(H38,2) -> 02 | H38: CA04B02 | I38: 12626161 | J38: 46122 | K38: 47563 | L38: 550062285 | M38: =IF(ISNA(VLOOKUP(L38,'MASTER DATA'!$A$1:$B$192,2,0)),"",VLOOKUP(L38,'MASTER DATA'!$A$1:$B$192,2,0)) -> Gadus S3 V460DM 2_1*770kg_A227 | N38: 1 | O38: =(V38-P38)/Q38 -> 1 | P38: =MOD(V38,Q38) -> 0 | Q38: =VLOOKUP(L38,'MASTER DATA'!$A$1:$E$192,5,0) -> 1 | R38: =SUMIF('picking of the day'!$H$4:$H$358,WMS!H38&WMS!L38,'picking of the day'!$E$4:$E$358) -> 0 | U38: =IF(ISNA(VLOOKUP(H38,'data putaway'!$A$1:$E$530,3,0)),0,VLOOKUP(H38,'data putaway'!$A$1:$E$530,3,0)) -> 0 | V38: =(N38+T38+U38)-(R38+S38) -> 1 | W38: =IF(ISNA(VLOOKUP(H38,'data putaway'!$A$1:$E$530,2,0)),0,VLOOKUP(H38,'data putaway'!$A$1:$E$530,2,0)) -> 0 | X38: =W38=L38 -> FALSE | Y38: =IF(ISNA(VLOOKUP(H38,'data putaway'!$A$1:$E$530,4,0)),0,VLOOKUP(H38,'data putaway'!$A$1:$E$530,4,0)) -> 0 | Z38: =IF(ISNA(VLOOKUP(H38,'data putaway'!$A$1:$E$530,5,0)),0,VLOOKUP(H38,'data putaway'!$A$1:$E$530,5,0)) -> 0 | AA38: =Y38=I38 -> FALSE | AB38: =Z38=K38 -> FALSE | AC38: =IF(J38="","",DATEDIF(J38,NOW(),"ym")&" Month"&", "&DATEDIF(J38,NOW(),"md")&" Days") -> 5 Month, 8 Days | AD38: =IF(K38="","",DATEDIF(NOW(),K38,"y")&" Year"&", "&DATEDIF(NOW(),K38,"ym")&" Month"&", "&DATEDIF(NOW(),K38,"md")&" Days") -> 3 Year, 6 Month, 3 Days | AE38: =N38+U38 -> 1 | AF38: =IF(V38>0,1,0) -> 1 | AG38: =D38&E38 -> CA04 | AH38: =IF(ISNA(VLOOKUP(L38,'MASTER DATA'!$A$1:$F$192,6,0)),0,VLOOKUP(L38,'MASTER DATA'!$A$1:$F$192,6,0))*AE38 -> 770 | AI38: =VLOOKUP($D38,'warehouse mapping'!$AN$7:$AO$17,2,0) -> Aktif | AJ38: =IF(AF38=0,1,0) -> 0 | AK38: =IF(AND(AJ38=1,AI38="aktif"),D38,"") | AL38: Fluidbag | AM38: =COUNTIF($H$5:$H$2564,H38) -> 1 | AN38: =ISNUMBER(V38) -> TRUE
A39: =H39&L39 -> CA04C01550062464 | B39: =R39+S39 -> 0 | C39: =T39+U39 -> 0 | D39: =LEFT(H39,2) -> CA | E39: =MID(H39,3,2) -> 04 | F39: =MID(H39,5,1) -> C | G39: =RIGHT(H39,2) -> 01 | H39: CA04C01 | I39: 17H26JJ | J39: 46261 | K39: 47712 | L39: 550062464 | M39: =IF(ISNA(VLOOKUP(L39,'MASTER DATA'!$A$1:$B$192,2,0)),"",VLOOKUP(L39,'MASTER DATA'!$A$1:$B$192,2,0)) -> Adv4TAX7Sc10W30SNMB_12*0.8L_A04W | N39: 48 | O39: =(V39-P39)/Q39 -> 1 | P39: =MOD(V39,Q39) -> 0 | Q39: =VLOOKUP(L39,'MASTER DATA'!$A$1:$E$192,5,0) -> 48 | R39: =SUMIF('picking of the day'!$H$4:$H$358,WMS!H39&WMS!L39,'picking of the day'!$E$4:$E$358) -> 0 | U39: =IF(ISNA(VLOOKUP(H39,'data putaway'!$A$1:$E$530,3,0)),0,VLOOKUP(H39,'data putaway'!$A$1:$E$530,3,0)) -> 0 | V39: =(N39+T39+U39)-(R39+S39) -> 48 | W39: =IF(ISNA(VLOOKUP(H39,'data putaway'!$A$1:$E$530,2,0)),0,VLOOKUP(H39,'data putaway'!$A$1:$E$530,2,0)) -> 0 | X39: =W39=L39 -> FALSE | Y39: =IF(ISNA(VLOOKUP(H39,'data putaway'!$A$1:$E$530,4,0)),0,VLOOKUP(H39,'data putaway'!$A$1:$E$530,4,0)) -> 0 | Z39: =IF(ISNA(VLOOKUP(H39,'data putaway'!$A$1:$E$530,5,0)),0,VLOOKUP(H39,'data putaway'!$A$1:$E$530,5,0)) -> 0 | AA39: =Y39=I39 -> FALSE | AB39: =Z39=K39 -> FALSE | AC39: =IF(J39="","",DATEDIF(J39,NOW(),"ym")&" Month"&", "&DATEDIF(J39,NOW(),"md")&" Days") -> 0 Month, 22 Days | AD39: =IF(K39="","",DATEDIF(NOW(),K39,"y")&" Year"&", "&DATEDIF(NOW(),K39,"ym")&" Month"&", "&DATEDIF(NOW(),K39,"md")&" Days") -> 3 Year, 10 Month, 30 Days | AE39: =N39+U39 -> 48 | AF39: =IF(V39>0,1,0) -> 1 | AG39: =D39&E39 -> CA04 | AH39: =IF(ISNA(VLOOKUP(L39,'MASTER DATA'!$A$1:$F$192,6,0)),0,VLOOKUP(L39,'MASTER DATA'!$A$1:$F$192,6,0))*AE39 -> 460.8 | AI39: =VLOOKUP($D39,'warehouse mapping'!$AN$7:$AO$17,2,0) -> Aktif | AJ39: =IF(AF39=0,1,0) -> 0 | AK39: =IF(AND(AJ39=1,AI39="aktif"),D39,"") | AL39: CAR | AM39: =COUNTIF($H$5:$H$2564,H39) -> 1 | AN39: =ISNUMBER(V39) -> TRUE
A40: =H40&L40 -> CA04C02550032916 | B40: =R40+S40 -> 0 | C40: =T40+U40 -> 0 | D40: =LEFT(H40,2) -> CA | E40: =MID(H40,3,2) -> 04 | F40: =MID(H40,5,1) -> C | G40: =RIGHT(H40,2) -> 02 | H40: CA04C02 | I40: 12658123 | J40: 46219 | K40: 47626 | L40: 550032916 | M40: =IF(ISNA(VLOOKUP(L40,'MASTER DATA'!$A$1:$B$192,2,0)),"",VLOOKUP(L40,'MASTER DATA'!$A$1:$B$192,2,0)) -> Turbo T 68_1*209L_A227 | N40: 4 | O40: =(V40-P40)/Q40 -> 1 | P40: =MOD(V40,Q40) -> 0 | Q40: =VLOOKUP(L40,'MASTER DATA'!$A$1:$E$192,5,0) -> 4 | R40: =SUMIF('picking of the day'!$H$4:$H$358,WMS!H40&WMS!L40,'picking of the day'!$E$4:$E$358) -> 0 | U40: =IF(ISNA(VLOOKUP(H40,'data putaway'!$A$1:$E$530,3,0)),0,VLOOKUP(H40,'data putaway'!$A$1:$E$530,3,0)) -> 0 | V40: =(N40+T40+U40)-(R40+S40) -> 4 | W40: =IF(ISNA(VLOOKUP(H40,'data putaway'!$A$1:$E$530,2,0)),0,VLOOKUP(H40,'data putaway'!$A$1:$E$530,2,0)) -> 0 | X40: =W40=L40 -> FALSE | Y40: =IF(ISNA(VLOOKUP(H40,'data putaway'!$A$1:$E$530,4,0)),0,VLOOKUP(H40,'data putaway'!$A$1:$E$530,4,0)) -> 0 | Z40: =IF(ISNA(VLOOKUP(H40,'data putaway'!$A$1:$E$530,5,0)),0,VLOOKUP(H40,'data putaway'!$A$1:$E$530,5,0)) -> 0 | AA40: =Y40=I40 -> FALSE | AB40: =Z40=K40 -> FALSE | AC40: =IF(J40="","",DATEDIF(J40,NOW(),"ym")&" Month"&", "&DATEDIF(J40,NOW(),"md")&" Days") -> 2 Month, 2 Days | AD40: =IF(K40="","",DATEDIF(NOW(),K40,"y")&" Year"&", "&DATEDIF(NOW(),K40,"ym")&" Month"&", "&DATEDIF(NOW(),K40,"md")&" Days") -> 3 Year, 8 Month, 5 Days | AE40: =N40+U40 -> 4 | AF40: =IF(V40>0,1,0) -> 1 | AG40: =D40&E40 -> CA04 | AH40: =IF(ISNA(VLOOKUP(L40,'MASTER DATA'!$A$1:$F$192,6,0)),0,VLOOKUP(L40,'MASTER DATA'!$A$1:$F$192,6,0))*AE40 -> 836 | AI40: =VLOOKUP($D40,'warehouse mapping'!$AN$7:$AO$17,2,0) -> Aktif | AJ40: =IF(AF40=0,1,0) -> 0 | AK40: =IF(AND(AJ40=1,AI40="aktif"),D40,"") | AL40: Drum | AM40: =COUNTIF($H$5:$H$2564,H40) -> 1 | AN40: =ISNUMBER(V40) -> TRUE
A41: =H41&L41 -> CA04D01550062464 | B41: =R41+S41 -> 0 | C41: =T41+U41 -> 0 | D41: =LEFT(H41,2) -> CA | E41: =MID(H41,3,2) -> 04 | F41: =MID(H41,5,1) -> D | G41: =RIGHT(H41,2) -> 01 | H41: CA04D01 | I41: 17H26JJ | J41: 46261 | K41: 47712 | L41: 550062464 | M41: =IF(ISNA(VLOOKUP(L41,'MASTER DATA'!$A$1:$B$192,2,0)),"",VLOOKUP(L41,'MASTER DATA'!$A$1:$B$192,2,0)) -> Adv4TAX7Sc10W30SNMB_12*0.8L_A04W | N41: 48 | O41: =(V41-P41)/Q41 -> 1 | P41: =MOD(V41,Q41) -> 0 | Q41: =VLOOKUP(L41,'MASTER DATA'!$A$1:$E$192,5,0) -> 48 | R41: =SUMIF('picking of the day'!$H$4:$H$358,WMS!H41&WMS!L41,'picking of the day'!$E$4:$E$358) -> 0 | U41: =IF(ISNA(VLOOKUP(H41,'data putaway'!$A$1:$E$530,3,0)),0,VLOOKUP(H41,'data putaway'!$A$1:$E$530,3,0)) -> 0 | V41: =(N41+T41+U41)-(R41+S41) -> 48 | W41: =IF(ISNA(VLOOKUP(H41,'data putaway'!$A$1:$E$530,2,0)),0,VLOOKUP(H41,'data putaway'!$A$1:$E$530,2,0)) -> 0 | X41: =W41=L41 -> FALSE | Y41: =IF(ISNA(VLOOKUP(H41,'data putaway'!$A$1:$E$530,4,0)),0,VLOOKUP(H41,'data putaway'!$A$1:$E$530,4,0)) -> 0 | Z41: =IF(ISNA(VLOOKUP(H41,'data putaway'!$A$1:$E$530,5,0)),0,VLOOKUP(H41,'data putaway'!$A$1:$E$530,5,0)) -> 0 | AA41: =Y41=I41 -> FALSE | AB41: =Z41=K41 -> FALSE | AC41: =IF(J41="","",DATEDIF(J41,NOW(),"ym")&" Month"&", "&DATEDIF(J41,NOW(),"md")&" Days") -> 0 Month, 22 Days | AD41: =IF(K41="","",DATEDIF(NOW(),K41,"y")&" Year"&", "&DATEDIF(NOW(),K41,"ym")&" Month"&", "&DATEDIF(NOW(),K41,"md")&" Days") -> 3 Year, 10 Month, 30 Days | AE41: =N41+U41 -> 48 | AF41: =IF(V41>0,1,0) -> 1 | AG41: =D41&E41 -> CA04 | AH41: =IF(ISNA(VLOOKUP(L41,'MASTER DATA'!$A$1:$F$192,6,0)),0,VLOOKUP(L41,'MASTER DATA'!$A$1:$F$192,6,0))*AE41 -> 460.8 | AI41: =VLOOKUP($D41,'warehouse mapping'!$AN$7:$AO$17,2,0) -> Aktif | AJ41: =IF(AF41=0,1,0) -> 0 | AK41: =IF(AND(AJ41=1,AI41="aktif"),D41,"") | AL41: CAR | AM41: =COUNTIF($H$5:$H$2564,H41) -> 1 | AN41: =ISNUMBER(V41) -> TRUE
A42: =H42&L42 -> CA04D02550062631 | B42: =R42+S42 -> 0 | C42: =T42+U42 -> 0 | D42: =LEFT(H42,2) -> CA | E42: =MID(H42,3,2) -> 04 | F42: =MID(H42,5,1) -> D | G42: =RIGHT(H42,2) -> 02 | H42: CA04D02 | I42: 25E26 | J42: 46233 | K42: 47628 | L42: 550062631 | M42: =IF(ISNA(VLOOKUP(L42,'MASTER DATA'!$A$1:$B$192,2,0)),"",VLOOKUP(L42,'MASTER DATA'!$A$1:$B$192,2,0)) -> KawaSemiSyn10W40SLMA_12*1L_A734 | N42: 44 | O42: =(V42-P42)/Q42 -> 1 | P42: =MOD(V42,Q42) -> 0 | Q42: =VLOOKUP(L42,'MASTER DATA'!$A$1:$E$192,5,0) -> 44 | R42: =SUMIF('picking of the day'!$H$4:$H$358,WMS!H42&WMS!L42,'picking of the day'!$E$4:$E$358) -> 0 | U42: =IF(ISNA(VLOOKUP(H42,'data putaway'!$A$1:$E$530,3,0)),0,VLOOKUP(H42,'data putaway'!$A$1:$E$530,3,0)) -> 0 | V42: =(N42+T42+U42)-(R42+S42) -> 44 | W42: =IF(ISNA(VLOOKUP(H42,'data putaway'!$A$1:$E$530,2,0)),0,VLOOKUP(H42,'data putaway'!$A$1:$E$530,2,0)) -> 0 | X42: =W42=L42 -> FALSE | Y42: =IF(ISNA(VLOOKUP(H42,'data putaway'!$A$1:$E$530,4,0)),0,VLOOKUP(H42,'data putaway'!$A$1:$E$530,4,0)) -> 0 | Z42: =IF(ISNA(VLOOKUP(H42,'data putaway'!$A$1:$E$530,5,0)),0,VLOOKUP(H42,'data putaway'!$A$1:$E$530,5,0)) -> 0 | AA42: =Y42=I42 -> FALSE | AB42: =Z42=K42 -> FALSE | AC42: =IF(J42="","",DATEDIF(J42,NOW(),"ym")&" Month"&", "&DATEDIF(J42,NOW(),"md")&" Days") -> 1 Month, 19 Days | AD42: =IF(K42="","",DATEDIF(NOW(),K42,"y")&" Year"&", "&DATEDIF(NOW(),K42,"ym")&" Month"&", "&DATEDIF(NOW(),K42,"md")&" Days") -> 3 Year, 8 Month, 7 Days | AE42: =N42+U42 -> 44 | AF42: =IF(V42>0,1,0) -> 1 | AG42: =D42&E42 -> CA04 | AH42: =IF(ISNA(VLOOKUP(L42,'MASTER DATA'!$A$1:$F$192,6,0)),0,VLOOKUP(L42,'MASTER DATA'!$A$1:$F$192,6,0))*AE42 -> 528 | AI42: =VLOOKUP($D42,'warehouse mapping'!$AN$7:$AO$17,2,0) -> Aktif | AJ42: =IF(AF42=0,1,0) -> 0 | AK42: =IF(AND(AJ42=1,AI42="aktif"),D42,"") | AL42: CAR | AM42: =COUNTIF($H$5:$H$2564,H42) -> 1 | AN42: =ISNUMBER(V42) -> TRUE
A43: =H43&L43 -> CA04E01550062464 | B43: =R43+S43 -> 0 | C43: =T43+U43 -> 0 | D43: =LEFT(H43,2) -> CA | E43: =MID(H43,3,2) -> 04 | F43: =MID(H43,5,1) -> E | G43: =RIGHT(H43,2) -> 01 | H43: CA04E01 | I43: 17H26JJ | J43: 46261 | K43: 47712 | L43: 550062464 | M43: =IF(ISNA(VLOOKUP(L43,'MASTER DATA'!$A$1:$B$192,2,0)),"",VLOOKUP(L43,'MASTER DATA'!$A$1:$B$192,2,0)) -> Adv4TAX7Sc10W30SNMB_12*0.8L_A04W | N43: 48 | O43: =(V43-P43)/Q43 -> 1 | P43: =MOD(V43,Q43) -> 0 | Q43: =VLOOKUP(L43,'MASTER DATA'!$A$1:$E$192,5,0) -> 48 | R43: =SUMIF('picking of the day'!$H$4:$H$358,WMS!H43&WMS!L43,'picking of the day'!$E$4:$E$358) -> 0 | U43: =IF(ISNA(VLOOKUP(H43,'data putaway'!$A$1:$E$530,3,0)),0,VLOOKUP(H43,'data putaway'!$A$1:$E$530,3,0)) -> 0 | V43: =(N43+T43+U43)-(R43+S43) -> 48 | W43: =IF(ISNA(VLOOKUP(H43,'data putaway'!$A$1:$E$530,2,0)),0,VLOOKUP(H43,'data putaway'!$A$1:$E$530,2,0)) -> 0 | X43: =W43=L43 -> FALSE | Y43: =IF(ISNA(VLOOKUP(H43,'data putaway'!$A$1:$E$530,4,0)),0,VLOOKUP(H43,'data putaway'!$A$1:$E$530,4,0)) -> 0 | Z43: =IF(ISNA(VLOOKUP(H43,'data putaway'!$A$1:$E$530,5,0)),0,VLOOKUP(H43,'data putaway'!$A$1:$E$530,5,0)) -> 0 | AA43: =Y43=I43 -> FALSE | AB43: =Z43=K43 -> FALSE | AC43: =IF(J43="","",DATEDIF(J43,NOW(),"ym")&" Month"&", "&DATEDIF(J43,NOW(),"md")&" Days") -> 0 Month, 22 Days | AD43: =IF(K43="","",DATEDIF(NOW(),K43,"y")&" Year"&", "&DATEDIF(NOW(),K43,"ym")&" Month"&", "&DATEDIF(NOW(),K43,"md")&" Days") -> 3 Year, 10 Month, 30 Days | AE43: =N43+U43 -> 48 | AF43: =IF(V43>0,1,0) -> 1 | AG43: =D43&E43 -> CA04 | AH43: =IF(ISNA(VLOOKUP(L43,'MASTER DATA'!$A$1:$F$192,6,0)),0,VLOOKUP(L43,'MASTER DATA'!$A$1:$F$192,6,0))*AE43 -> 460.8 | AI43: =VLOOKUP($D43,'warehouse mapping'!$AN$7:$AO$17,2,0) -> Aktif | AJ43: =IF(AF43=0,1,0) -> 0 | AK43: =IF(AND(AJ43=1,AI43="aktif"),D43,"") | AL43: CAR | AM43: =COUNTIF($H$5:$H$2564,H43) -> 1 | AN43: =ISNUMBER(V43) -> TRUE
A44: =H44&L44 -> CA04E02550062631 | B44: =R44+S44 -> 0 | C44: =T44+U44 -> 0 | D44: =LEFT(H44,2) -> CA | E44: =MID(H44,3,2) -> 04 | F44: =MID(H44,5,1) -> E | G44: =RIGHT(H44,2) -> 02 | H44: CA04E02 | I44: 25E26 | J44: 46233 | K44: 47628 | L44: 550062631 | M44: =IF(ISNA(VLOOKUP(L44,'MASTER DATA'!$A$1:$B$192,2,0)),"",VLOOKUP(L44,'MASTER DATA'!$A$1:$B$192,2,0)) -> KawaSemiSyn10W40SLMA_12*1L_A734 | N44: 44 | O44: =(V44-P44)/Q44 -> 1 | P44: =MOD(V44,Q44) -> 0 | Q44: =VLOOKUP(L44,'MASTER DATA'!$A$1:$E$192,5,0) -> 44 | R44: =SUMIF('picking of the day'!$H$4:$H$358,WMS!H44&WMS!L44,'picking of the day'!$E$4:$E$358) -> 0 | U44: =IF(ISNA(VLOOKUP(H44,'data putaway'!$A$1:$E$530,3,0)),0,VLOOKUP(H44,'data putaway'!$A$1:$E$530,3,0)) -> 0 | V44: =(N44+T44+U44)-(R44+S44) -> 44 | W44: =IF(ISNA(VLOOKUP(H44,'data putaway'!$A$1:$E$530,2,0)),0,VLOOKUP(H44,'data putaway'!$A$1:$E$530,2,0)) -> 0 | X44: =W44=L44 -> FALSE | Y44: =IF(ISNA(VLOOKUP(H44,'data putaway'!$A$1:$E$530,4,0)),0,VLOOKUP(H44,'data putaway'!$A$1:$E$530,4,0)) -> 0 | Z44: =IF(ISNA(VLOOKUP(H44,'data putaway'!$A$1:$E$530,5,0)),0,VLOOKUP(H44,'data putaway'!$A$1:$E$530,5,0)) -> 0 | AA44: =Y44=I44 -> FALSE | AB44: =Z44=K44 -> FALSE | AC44: =IF(J44="","",DATEDIF(J44,NOW(),"ym")&" Month"&", "&DATEDIF(J44,NOW(),"md")&" Days") -> 1 Month, 19 Days | AD44: =IF(K44="","",DATEDIF(NOW(),K44,"y")&" Year"&", "&DATEDIF(NOW(),K44,"ym")&" Month"&", "&DATEDIF(NOW(),K44,"md")&" Days") -> 3 Year, 8 Month, 7 Days | AE44: =N44+U44 -> 44 | AF44: =IF(V44>0,1,0) -> 1 | AG44: =D44&E44 -> CA04 | AH44: =IF(ISNA(VLOOKUP(L44,'MASTER DATA'!$A$1:$F$192,6,0)),0,VLOOKUP(L44,'MASTER DATA'!$A$1:$F$192,6,0))*AE44 -> 528 | AI44: =VLOOKUP($D44,'warehouse mapping'!$AN$7:$AO$17,2,0) -> Aktif | AJ44: =IF(AF44=0,1,0) -> 0 | AK44: =IF(AND(AJ44=1,AI44="aktif"),D44,"") | AL44: CAR | AM44: =COUNTIF($H$5:$H$2564,H44) -> 1 | AN44: =ISNUMBER(V44) -> TRUE
A45: =H45&L45 -> CA05A01550027259 | B45: =R45+S45 -> 0 | C45: =T45+U45 -> 0 | D45: =LEFT(H45,2) -> CA | E45: =MID(H45,3,2) -> 05 | F45: =MID(H45,5,1) -> A | G45: =RIGHT(H45,2) -> 01 | H45: CA05A01 | I45: 12688349 | J45: 46276 | K45: 47716 | L45: 550027259 | M45: =IF(ISNA(VLOOKUP(L45,'MASTER DATA'!$A$1:$B$192,2,0)),"",VLOOKUP(L45,'MASTER DATA'!$A$1:$B$192,2,0)) -> Gadus S2 V220 2_1*770kg_A227 | N45: 1 | O45: =(V45-P45)/Q45 -> 1 | P45: =MOD(V45,Q45) -> 0 | Q45: =VLOOKUP(L45,'MASTER DATA'!$A$1:$E$192,5,0) -> 1 | R45: =SUMIF('picking of the day'!$H$4:$H$358,WMS!H45&WMS!L45,'picking of the day'!$E$4:$E$358) -> 0 | U45: =IF(ISNA(VLOOKUP(H45,'data putaway'!$A$1:$E$530,3,0)),0,VLOOKUP(H45,'data putaway'!$A$1:$E$530,3,0)) -> 0 | V45: =(N45+T45+U45)-(R45+S45) -> 1 | W45: =IF(ISNA(VLOOKUP(H45,'data putaway'!$A$1:$E$530,2,0)),0,VLOOKUP(H45,'data putaway'!$A$1:$E$530,2,0)) -> 0 | X45: =W45=L45 -> FALSE | Y45: =IF(ISNA(VLOOKUP(H45,'data putaway'!$A$1:$E$530,4,0)),0,VLOOKUP(H45,'data putaway'!$A$1:$E$530,4,0)) -> 0 | Z45: =IF(ISNA(VLOOKUP(H45,'data putaway'!$A$1:$E$530,5,0)),0,VLOOKUP(H45,'data putaway'!$A$1:$E$530,5,0)) -> 0 | AA45: =Y45=I45 -> FALSE | AB45: =Z45=K45 -> FALSE | AC45: =IF(J45="","",DATEDIF(J45,NOW(),"ym")&" Month"&", "&DATEDIF(J45,NOW(),"md")&" Days") -> 0 Month, 7 Days | AD45: =IF(K45="","",DATEDIF(NOW(),K45,"y")&" Year"&", "&DATEDIF(NOW(),K45,"ym")&" Month"&", "&DATEDIF(NOW(),K45,"md")&" Days") -> 3 Year, 11 Month, 3 Days | AE45: =N45+U45 -> 1 | AF45: =IF(V45>0,1,0) -> 1 | AG45: =D45&E45 -> CA05 | AH45: =IF(ISNA(VLOOKUP(L45,'MASTER DATA'!$A$1:$F$192,6,0)),0,VLOOKUP(L45,'MASTER DATA'!$A$1:$F$192,6,0))*AE45 -> 770 | AI45: =VLOOKUP($D45,'warehouse mapping'!$AN$7:$AO$17,2,0) -> Aktif | AJ45: =IF(AF45=0,1,0) -> 0 | AK45: =IF(AND(AJ45=1,AI45="aktif"),D45,"") | AL45: Drum | AM45: =COUNTIF($H$5:$H$2564,H45) -> 1 | AN45: =ISNUMBER(V45) -> TRUE
A46: =H46&L46 -> CA05A02550027259 | B46: =R46+S46 -> 0 | C46: =T46+U46 -> 0 | D46: =LEFT(H46,2) -> CA | E46: =MID(H46,3,2) -> 05 | F46: =MID(H46,5,1) -> A | G46: =RIGHT(H46,2) -> 02 | H46: CA05A02 | I46: 12688349 | J46: 46276 | K46: 47716 | L46: 550027259 | M46: =IF(ISNA(VLOOKUP(L46,'MASTER DATA'!$A$1:$B$192,2,0)),"",VLOOKUP(L46,'MASTER DATA'!$A$1:$B$192,2,0)) -> Gadus S2 V220 2_1*770kg_A227 | N46: 1 | O46: =(V46-P46)/Q46 -> 1 | P46: =MOD(V46,Q46) -> 0 | Q46: =VLOOKUP(L46,'MASTER DATA'!$A$1:$E$192,5,0) -> 1 | R46: =SUMIF('picking of the day'!$H$4:$H$358,WMS!H46&WMS!L46,'picking of the day'!$E$4:$E$358) -> 0 | U46: =IF(ISNA(VLOOKUP(H46,'data putaway'!$A$1:$E$530,3,0)),0,VLOOKUP(H46,'data putaway'!$A$1:$E$530,3,0)) -> 0 | V46: =(N46+T46+U46)-(R46+S46) -> 1 | W46: =IF(ISNA(VLOOKUP(H46,'data putaway'!$A$1:$E$530,2,0)),0,VLOOKUP(H46,'data putaway'!$A$1:$E$530,2,0)) -> 0 | X46: =W46=L46 -> FALSE | Y46: =IF(ISNA(VLOOKUP(H46,'data putaway'!$A$1:$E$530,4,0)),0,VLOOKUP(H46,'data putaway'!$A$1:$E$530,4,0)) -> 0 | Z46: =IF(ISNA(VLOOKUP(H46,'data putaway'!$A$1:$E$530,5,0)),0,VLOOKUP(H46,'data putaway'!$A$1:$E$530,5,0)) -> 0 | AA46: =Y46=I46 -> FALSE | AB46: =Z46=K46 -> FALSE | AC46: =IF(J46="","",DATEDIF(J46,NOW(),"ym")&" Month"&", "&DATEDIF(J46,NOW(),"md")&" Days") -> 0 Month, 7 Days | AD46: =IF(K46="","",DATEDIF(NOW(),K46,"y")&" Year"&", "&DATEDIF(NOW(),K46,"ym")&" Month"&", "&DATEDIF(NOW(),K46,"md")&" Days") -> 3 Year, 11 Month, 3 Days | AE46: =N46+U46 -> 1 | AF46: =IF(V46>0,1,0) -> 1 | AG46: =D46&E46 -> CA05 | AH46: =IF(ISNA(VLOOKUP(L46,'MASTER DATA'!$A$1:$F$192,6,0)),0,VLOOKUP(L46,'MASTER DATA'!$A$1:$F$192,6,0))*AE46 -> 770 | AI46: =VLOOKUP($D46,'warehouse mapping'!$AN$7:$AO$17,2,0) -> Aktif | AJ46: =IF(AF46=0,1,0) -> 0 | AK46: =IF(AND(AJ46=1,AI46="aktif"),D46,"") | AL46: Pail | AM46: =COUNTIF($H$5:$H$2564,H46) -> 1 | AN46: =ISNUMBER(V46) -> TRUE
A47: =H47&L47 -> CA05B01550062285 | B47: =R47+S47 -> 0 | C47: =T47+U47 -> 0 | D47: =LEFT(H47,2) -> CA | E47: =MID(H47,3,2) -> 05 | F47: =MID(H47,5,1) -> B | G47: =RIGHT(H47,2) -> 01 | H47: CA05B01 | I47: 12626161 | J47: 46122 | K47: 47563 | L47: 550062285 | M47: =IF(ISNA(VLOOKUP(L47,'MASTER DATA'!$A$1:$B$192,2,0)),"",VLOOKUP(L47,'MASTER DATA'!$A$1:$B$192,2,0)) -> Gadus S3 V460DM 2_1*770kg_A227 | N47: 1 | O47: =(V47-P47)/Q47 -> 1 | P47: =MOD(V47,Q47) -> 0 | Q47: =VLOOKUP(L47,'MASTER DATA'!$A$1:$E$192,5,0) -> 1 | R47: =SUMIF('picking of the day'!$H$4:$H$358,WMS!H47&WMS!L47,'picking of the day'!$E$4:$E$358) -> 0 | U47: =IF(ISNA(VLOOKUP(H47,'data putaway'!$A$1:$E$530,3,0)),0,VLOOKUP(H47,'data putaway'!$A$1:$E$530,3,0)) -> 0 | V47: =(N47+T47+U47)-(R47+S47) -> 1 | W47: =IF(ISNA(VLOOKUP(H47,'data putaway'!$A$1:$E$530,2,0)),0,VLOOKUP(H47,'data putaway'!$A$1:$E$530,2,0)) -> 0 | X47: =W47=L47 -> FALSE | Y47: =IF(ISNA(VLOOKUP(H47,'data putaway'!$A$1:$E$530,4,0)),0,VLOOKUP(H47,'data putaway'!$A$1:$E$530,4,0)) -> 0 | Z47: =IF(ISNA(VLOOKUP(H47,'data putaway'!$A$1:$E$530,5,0)),0,VLOOKUP(H47,'data putaway'!$A$1:$E$530,5,0)) -> 0 | AA47: =Y47=I47 -> FALSE | AB47: =Z47=K47 -> FALSE | AC47: =IF(J47="","",DATEDIF(J47,NOW(),"ym")&" Month"&", "&DATEDIF(J47,NOW(),"md")&" Days") -> 5 Month, 8 Days | AD47: =IF(K47="","",DATEDIF(NOW(),K47,"y")&" Year"&", "&DATEDIF(NOW(),K47,"ym")&" Month"&", "&DATEDIF(NOW(),K47,"md")&" Days") -> 3 Year, 6 Month, 3 Days | AE47: =N47+U47 -> 1 | AF47: =IF(V47>0,1,0) -> 1 | AG47: =D47&E47 -> CA05 | AH47: =IF(ISNA(VLOOKUP(L47,'MASTER DATA'!$A$1:$F$192,6,0)),0,VLOOKUP(L47,'MASTER DATA'!$A$1:$F$192,6,0))*AE47 -> 770 | AI47: =VLOOKUP($D47,'warehouse mapping'!$AN$7:$AO$17,2,0) -> Aktif | AJ47: =IF(AF47=0,1,0) -> 0 | AK47: =IF(AND(AJ47=1,AI47="aktif"),D47,"") | AL47: Fluidbag | AM47: =COUNTIF($H$5:$H$2564,H47) -> 1 | AN47: =ISNUMBER(V47) -> TRUE
A48: =H48&L48 -> CA05B02550062285 | B48: =R48+S48 -> 0 | C48: =T48+U48 -> 0 | D48: =LEFT(H48,2) -> CA | E48: =MID(H48,3,2) -> 05 | F48: =MID(H48,5,1) -> B | G48: =RIGHT(H48,2) -> 02 | H48: CA05B02 | I48: 12626161 | J48: 46122 | K48: 47563 | L48: 550062285 | M48: =IF(ISNA(VLOOKUP(L48,'MASTER DATA'!$A$1:$B$192,2,0)),"",VLOOKUP(L48,'MASTER DATA'!$A$1:$B$192,2,0)) -> Gadus S3 V460DM 2_1*770kg_A227 | N48: 1 | O48: =(V48-P48)/Q48 -> 1 | P48: =MOD(V48,Q48) -> 0 | Q48: =VLOOKUP(L48,'MASTER DATA'!$A$1:$E$192,5,0) -> 1 | R48: =SUMIF('picking of the day'!$H$4:$H$358,WMS!H48&WMS!L48,'picking of the day'!$E$4:$E$358) -> 0 | U48: =IF(ISNA(VLOOKUP(H48,'data putaway'!$A$1:$E$530,3,0)),0,VLOOKUP(H48,'data putaway'!$A$1:$E$530,3,0)) -> 0 | V48: =(N48+T48+U48)-(R48+S48) -> 1 | W48: =IF(ISNA(VLOOKUP(H48,'data putaway'!$A$1:$E$530,2,0)),0,VLOOKUP(H48,'data putaway'!$A$1:$E$530,2,0)) -> 0 | X48: =W48=L48 -> FALSE | Y48: =IF(ISNA(VLOOKUP(H48,'data putaway'!$A$1:$E$530,4,0)),0,VLOOKUP(H48,'data putaway'!$A$1:$E$530,4,0)) -> 0 | Z48: =IF(ISNA(VLOOKUP(H48,'data putaway'!$A$1:$E$530,5,0)),0,VLOOKUP(H48,'data putaway'!$A$1:$E$530,5,0)) -> 0 | AA48: =Y48=I48 -> FALSE | AB48: =Z48=K48 -> FALSE | AC48: =IF(J48="","",DATEDIF(J48,NOW(),"ym")&" Month"&", "&DATEDIF(J48,NOW(),"md")&" Days") -> 5 Month, 8 Days | AD48: =IF(K48="","",DATEDIF(NOW(),K48,"y")&" Year"&", "&DATEDIF(NOW(),K48,"ym")&" Month"&", "&DATEDIF(NOW(),K48,"md")&" Days") -> 3 Year, 6 Month, 3 Days | AE48: =N48+U48 -> 1 | AF48: =IF(V48>0,1,0) -> 1 | AG48: =D48&E48 -> CA05 | AH48: =IF(ISNA(VLOOKUP(L48,'MASTER DATA'!$A$1:$F$192,6,0)),0,VLOOKUP(L48,'MASTER DATA'!$A$1:$F$192,6,0))*AE48 -> 770 | AI48: =VLOOKUP($D48,'warehouse mapping'!$AN$7:$AO$17,2,0) -> Aktif | AJ48: =IF(AF48=0,1,0) -> 0 | AK48: =IF(AND(AJ48=1,AI48="aktif"),D48,"") | AL48: Fluidbag | AM48: =COUNTIF($H$5:$H$2564,H48) -> 1 | AN48: =ISNUMBER(V48) -> TRUE
A49: =H49&L49 -> CA05C01550062464 | B49: =R49+S49 -> 0 | C49: =T49+U49 -> 0 | D49: =LEFT(H49,2) -> CA | E49: =MID(H49,3,2) -> 05 | F49: =MID(H49,5,1) -> C | G49: =RIGHT(H49,2) -> 01 | H49: CA05C01 | I49: 17H26JJ | J49: 46261 | K49: 47712 | L49: 550062464 | M49: =IF(ISNA(VLOOKUP(L49,'MASTER DATA'!$A$1:$B$192,2,0)),"",VLOOKUP(L49,'MASTER DATA'!$A$1:$B$192,2,0)) -> Adv4TAX7Sc10W30SNMB_12*0.8L_A04W | N49: 48 | O49: =(V49-P49)/Q49 -> 1 | P49: =MOD(V49,Q49) -> 0 | Q49: =VLOOKUP(L49,'MASTER DATA'!$A$1:$E$192,5,0) -> 48 | R49: =SUMIF('picking of the day'!$H$4:$H$358,WMS!H49&WMS!L49,'picking of the day'!$E$4:$E$358) -> 0 | U49: =IF(ISNA(VLOOKUP(H49,'data putaway'!$A$1:$E$530,3,0)),0,VLOOKUP(H49,'data putaway'!$A$1:$E$530,3,0)) -> 0 | V49: =(N49+T49+U49)-(R49+S49) -> 48 | W49: =IF(ISNA(VLOOKUP(H49,'data putaway'!$A$1:$E$530,2,0)),0,VLOOKUP(H49,'data putaway'!$A$1:$E$530,2,0)) -> 0 | X49: =W49=L49 -> FALSE | Y49: =IF(ISNA(VLOOKUP(H49,'data putaway'!$A$1:$E$530,4,0)),0,VLOOKUP(H49,'data putaway'!$A$1:$E$530,4,0)) -> 0 | Z49: =IF(ISNA(VLOOKUP(H49,'data putaway'!$A$1:$E$530,5,0)),0,VLOOKUP(H49,'data putaway'!$A$1:$E$530,5,0)) -> 0 | AA49: =Y49=I49 -> FALSE | AB49: =Z49=K49 -> FALSE | AC49: =IF(J49="","",DATEDIF(J49,NOW(),"ym")&" Month"&", "&DATEDIF(J49,NOW(),"md")&" Days") -> 0 Month, 22 Days | AD49: =IF(K49="","",DATEDIF(NOW(),K49,"y")&" Year"&", "&DATEDIF(NOW(),K49,"ym")&" Month"&", "&DATEDIF(NOW(),K49,"md")&" Days") -> 3 Year, 10 Month, 30 Days | AE49: =N49+U49 -> 48 | AF49: =IF(V49>0,1,0) -> 1 | AG49: =D49&E49 -> CA05 | AH49: =IF(ISNA(VLOOKUP(L49,'MASTER DATA'!$A$1:$F$192,6,0)),0,VLOOKUP(L49,'MASTER DATA'!$A$1:$F$192,6,0))*AE49 -> 460.8 | AI49: =VLOOKUP($D49,'warehouse mapping'!$AN$7:$AO$17,2,0) -> Aktif | AJ49: =IF(AF49=0,1,0) -> 0 | AK49: =IF(AND(AJ49=1,AI49="aktif"),D49,"") | AL49: CAR | AM49: =COUNTIF($H$5:$H$2564,H49) -> 1 | AN49: =ISNUMBER(V49) -> TRUE
A50: =H50&L50 -> CA05C02550062464 | B50: =R50+S50 -> 0 | C50: =T50+U50 -> 0 | D50: =LEFT(H50,2) -> CA | E50: =MID(H50,3,2) -> 05 | F50: =MID(H50,5,1) -> C | G50: =RIGHT(H50,2) -> 02 | H50: CA05C02 | I50: 17H26JJ | J50: 46261 | K50: 47712 | L50: 550062464 | M50: =IF(ISNA(VLOOKUP(L50,'MASTER DATA'!$A$1:$B$192,2,0)),"",VLOOKUP(L50,'MASTER DATA'!$A$1:$B$192,2,0)) -> Adv4TAX7Sc10W30SNMB_12*0.8L_A04W | N50: 48 | O50: =(V50-P50)/Q50 -> 1 | P50: =MOD(V50,Q50) -> 0 | Q50: =VLOOKUP(L50,'MASTER DATA'!$A$1:$E$192,5,0) -> 48 | R50: =SUMIF('picking of the day'!$H$4:$H$358,WMS!H50&WMS!L50,'picking of the day'!$E$4:$E$358) -> 0 | U50: =IF(ISNA(VLOOKUP(H50,'data putaway'!$A$1:$E$530,3,0)),0,VLOOKUP(H50,'data putaway'!$A$1:$E$530,3,0)) -> 0 | V50: =(N50+T50+U50)-(R50+S50) -> 48 | W50: =IF(ISNA(VLOOKUP(H50,'data putaway'!$A$1:$E$530,2,0)),0,VLOOKUP(H50,'data putaway'!$A$1:$E$530,2,0)) -> 0 | X50: =W50=L50 -> FALSE | Y50: =IF(ISNA(VLOOKUP(H50,'data putaway'!$A$1:$E$530,4,0)),0,VLOOKUP(H50,'data putaway'!$A$1:$E$530,4,0)) -> 0 | Z50: =IF(ISNA(VLOOKUP(H50,'data putaway'!$A$1:$E$530,5,0)),0,VLOOKUP(H50,'data putaway'!$A$1:$E$530,5,0)) -> 0 | AA50: =Y50=I50 -> FALSE | AB50: =Z50=K50 -> FALSE | AC50: =IF(J50="","",DATEDIF(J50,NOW(),"ym")&" Month"&", "&DATEDIF(J50,NOW(),"md")&" Days") -> 0 Month, 22 Days | AD50: =IF(K50="","",DATEDIF(NOW(),K50,"y")&" Year"&", "&DATEDIF(NOW(),K50,"ym")&" Month"&", "&DATEDIF(NOW(),K50,"md")&" Days") -> 3 Year, 10 Month, 30 Days | AE50: =N50+U50 -> 48 | AF50: =IF(V50>0,1,0) -> 1 | AG50: =D50&E50 -> CA05 | AH50: =IF(ISNA(VLOOKUP(L50,'MASTER DATA'!$A$1:$F$192,6,0)),0,VLOOKUP(L50,'MASTER DATA'!$A$1:$F$192,6,0))*AE50 -> 460.8 | AI50: =VLOOKUP($D50,'warehouse mapping'!$AN$7:$AO$17,2,0) -> Aktif | AJ50: =IF(AF50=0,1,0) -> 0 | AK50: =IF(AND(AJ50=1,AI50="aktif"),D50,"") | AL50: CAR | AM50: =COUNTIF($H$5:$H$2564,H50) -> 1 | AN50: =ISNUMBER(V50) -> TRUE
A51: =H51&L51 -> CA05D01550062464 | B51: =R51+S51 -> 0 | C51: =T51+U51 -> 0 | D51: =LEFT(H51,2) -> CA | E51: =MID(H51,3,2) -> 05 | F51: =MID(H51,5,1) -> D | G51: =RIGHT(H51,2) -> 01 | H51: CA05D01 | I51: 17H26JJ | J51: 46261 | K51: 47712 | L51: 550062464 | M51: =IF(ISNA(VLOOKUP(L51,'MASTER DATA'!$A$1:$B$192,2,0)),"",VLOOKUP(L51,'MASTER DATA'!$A$1:$B$192,2,0)) -> Adv4TAX7Sc10W30SNMB_12*0.8L_A04W | N51: 48 | O51: =(V51-P51)/Q51 -> 1 | P51: =MOD(V51,Q51) -> 0 | Q51: =VLOOKUP(L51,'MASTER DATA'!$A$1:$E$192,5,0) -> 48 | R51: =SUMIF('picking of the day'!$H$4:$H$358,WMS!H51&WMS!L51,'picking of the day'!$E$4:$E$358) -> 0 | U51: =IF(ISNA(VLOOKUP(H51,'data putaway'!$A$1:$E$530,3,0)),0,VLOOKUP(H51,'data putaway'!$A$1:$E$530,3,0)) -> 0 | V51: =(N51+T51+U51)-(R51+S51) -> 48 | W51: =IF(ISNA(VLOOKUP(H51,'data putaway'!$A$1:$E$530,2,0)),0,VLOOKUP(H51,'data putaway'!$A$1:$E$530,2,0)) -> 0 | X51: =W51=L51 -> FALSE | Y51: =IF(ISNA(VLOOKUP(H51,'data putaway'!$A$1:$E$530,4,0)),0,VLOOKUP(H51,'data putaway'!$A$1:$E$530,4,0)) -> 0 | Z51: =IF(ISNA(VLOOKUP(H51,'data putaway'!$A$1:$E$530,5,0)),0,VLOOKUP(H51,'data putaway'!$A$1:$E$530,5,0)) -> 0 | AA51: =Y51=I51 -> FALSE | AB51: =Z51=K51 -> FALSE | AC51: =IF(J51="","",DATEDIF(J51,NOW(),"ym")&" Month"&", "&DATEDIF(J51,NOW(),"md")&" Days") -> 0 Month, 22 Days | AD51: =IF(K51="","",DATEDIF(NOW(),K51,"y")&" Year"&", "&DATEDIF(NOW(),K51,"ym")&" Month"&", "&DATEDIF(NOW(),K51,"md")&" Days") -> 3 Year, 10 Month, 30 Days | AE51: =N51+U51 -> 48 | AF51: =IF(V51>0,1,0) -> 1 | AG51: =D51&E51 -> CA05 | AH51: =IF(ISNA(VLOOKUP(L51,'MASTER DATA'!$A$1:$F$192,6,0)),0,VLOOKUP(L51,'MASTER DATA'!$A$1:$F$192,6,0))*AE51 -> 460.8 | AI51: =VLOOKUP($D51,'warehouse mapping'!$AN$7:$AO$17,2,0) -> Aktif | AJ51: =IF(AF51=0,1,0) -> 0 | AK51: =IF(AND(AJ51=1,AI51="aktif"),D51,"") | AL51: CAR | AM51: =COUNTIF($H$5:$H$2564,H51) -> 1 | AN51: =ISNUMBER(V51) -> TRUE
A52: =H52&L52 -> CA05D02550062464 | B52: =R52+S52 -> 0 | C52: =T52+U52 -> 0 | D52: =LEFT(H52,2) -> CA | E52: =MID(H52,3,2) -> 05 | F52: =MID(H52,5,1) -> D | G52: =RIGHT(H52,2) -> 02 | H52: CA05D02 | I52: 17H26JJ | J52: 46261 | K52: 47712 | L52: 550062464 | M52: =IF(ISNA(VLOOKUP(L52,'MASTER DATA'!$A$1:$B$192,2,0)),"",VLOOKUP(L52,'MASTER DATA'!$A$1:$B$192,2,0)) -> Adv4TAX7Sc10W30SNMB_12*0.8L_A04W | N52: 48 | O52: =(V52-P52)/Q52 -> 1 | P52: =MOD(V52,Q52) -> 0 | Q52: =VLOOKUP(L52,'MASTER DATA'!$A$1:$E$192,5,0) -> 48 | R52: =SUMIF('picking of the day'!$H$4:$H$358,WMS!H52&WMS!L52,'picking of the day'!$E$4:$E$358) -> 0 | U52: =IF(ISNA(VLOOKUP(H52,'data putaway'!$A$1:$E$530,3,0)),0,VLOOKUP(H52,'data putaway'!$A$1:$E$530,3,0)) -> 0 | V52: =(N52+T52+U52)-(R52+S52) -> 48 | W52: =IF(ISNA(VLOOKUP(H52,'data putaway'!$A$1:$E$530,2,0)),0,VLOOKUP(H52,'data putaway'!$A$1:$E$530,2,0)) -> 0 | X52: =W52=L52 -> FALSE | Y52: =IF(ISNA(VLOOKUP(H52,'data putaway'!$A$1:$E$530,4,0)),0,VLOOKUP(H52,'data putaway'!$A$1:$E$530,4,0)) -> 0 | Z52: =IF(ISNA(VLOOKUP(H52,'data putaway'!$A$1:$E$530,5,0)),0,VLOOKUP(H52,'data putaway'!$A$1:$E$530,5,0)) -> 0 | AA52: =Y52=I52 -> FALSE | AB52: =Z52=K52 -> FALSE | AC52: =IF(J52="","",DATEDIF(J52,NOW(),"ym")&" Month"&", "&DATEDIF(J52,NOW(),"md")&" Days") -> 0 Month, 22 Days | AD52: =IF(K52="","",DATEDIF(NOW(),K52,"y")&" Year"&", "&DATEDIF(NOW(),K52,"ym")&" Month"&", "&DATEDIF(NOW(),K52,"md")&" Days") -> 3 Year, 10 Month, 30 Days | AE52: =N52+U52 -> 48 | AF52: =IF(V52>0,1,0) -> 1 | AG52: =D52&E52 -> CA05 | AH52: =IF(ISNA(VLOOKUP(L52,'MASTER DATA'!$A$1:$F$192,6,0)),0,VLOOKUP(L52,'MASTER DATA'!$A$1:$F$192,6,0))*AE52 -> 460.8 | AI52: =VLOOKUP($D52,'warehouse mapping'!$AN$7:$AO$17,2,0) -> Aktif | AJ52: =IF(AF52=0,1,0) -> 0 | AK52: =IF(AND(AJ52=1,AI52="aktif"),D52,"") | AL52: CAR | AM52: =COUNTIF($H$5:$H$2564,H52) -> 1 | AN52: =ISNUMBER(V52) -> TRUE
A53: =H53&L53 -> CA05E01550062464 | B53: =R53+S53 -> 0 | C53: =T53+U53 -> 0 | D53: =LEFT(H53,2) -> CA | E53: =MID(H53,3,2) -> 05 | F53: =MID(H53,5,1) -> E | G53: =RIGHT(H53,2) -> 01 | H53: CA05E01 | I53: 17H26JJ | J53: 46261 | K53: 47712 | L53: 550062464 | M53: =IF(ISNA(VLOOKUP(L53,'MASTER DATA'!$A$1:$B$192,2,0)),"",VLOOKUP(L53,'MASTER DATA'!$A$1:$B$192,2,0)) -> Adv4TAX7Sc10W30SNMB_12*0.8L_A04W | N53: 48 | O53: =(V53-P53)/Q53 -> 1 | P53: =MOD(V53,Q53) -> 0 | Q53: =VLOOKUP(L53,'MASTER DATA'!$A$1:$E$192,5,0) -> 48 | R53: =SUMIF('picking of the day'!$H$4:$H$358,WMS!H53&WMS!L53,'picking of the day'!$E$4:$E$358) -> 0 | U53: =IF(ISNA(VLOOKUP(H53,'data putaway'!$A$1:$E$530,3,0)),0,VLOOKUP(H53,'data putaway'!$A$1:$E$530,3,0)) -> 0 | V53: =(N53+T53+U53)-(R53+S53) -> 48 | W53: =IF(ISNA(VLOOKUP(H53,'data putaway'!$A$1:$E$530,2,0)),0,VLOOKUP(H53,'data putaway'!$A$1:$E$530,2,0)) -> 0 | X53: =W53=L53 -> FALSE | Y53: =IF(ISNA(VLOOKUP(H53,'data putaway'!$A$1:$E$530,4,0)),0,VLOOKUP(H53,'data putaway'!$A$1:$E$530,4,0)) -> 0 | Z53: =IF(ISNA(VLOOKUP(H53,'data putaway'!$A$1:$E$530,5,0)),0,VLOOKUP(H53,'data putaway'!$A$1:$E$530,5,0)) -> 0 | AA53: =Y53=I53 -> FALSE | AB53: =Z53=K53 -> FALSE | AC53: =IF(J53="","",DATEDIF(J53,NOW(),"ym")&" Month"&", "&DATEDIF(J53,NOW(),"md")&" Days") -> 0 Month, 22 Days | AD53: =IF(K53="","",DATEDIF(NOW(),K53,"y")&" Year"&", "&DATEDIF(NOW(),K53,"ym")&" Month"&", "&DATEDIF(NOW(),K53,"md")&" Days") -> 3 Year, 10 Month, 30 Days | AE53: =N53+U53 -> 48 | AF53: =IF(V53>0,1,0) -> 1 | AG53: =D53&E53 -> CA05 | AH53: =IF(ISNA(VLOOKUP(L53,'MASTER DATA'!$A$1:$F$192,6,0)),0,VLOOKUP(L53,'MASTER DATA'!$A$1:$F$192,6,0))*AE53 -> 460.8 | AI53: =VLOOKUP($D53,'warehouse mapping'!$AN$7:$AO$17,2,0) -> Aktif | AJ53: =IF(AF53=0,1,0) -> 0 | AK53: =IF(AND(AJ53=1,AI53="aktif"),D53,"") | AL53: CAR | AM53: =COUNTIF($H$5:$H$2564,H53) -> 1 | AN53: =ISNUMBER(V53) -> TRUE
A54: =H54&L54 -> CA05E02550062464 | B54: =R54+S54 -> 0 | C54: =T54+U54 -> 0 | D54: =LEFT(H54,2) -> CA | E54: =MID(H54,3,2) -> 05 | F54: =MID(H54,5,1) -> E | G54: =RIGHT(H54,2) -> 02 | H54: CA05E02 | I54: 17H26JJ | J54: 46261 | K54: 47712 | L54: 550062464 | M54: =IF(ISNA(VLOOKUP(L54,'MASTER DATA'!$A$1:$B$192,2,0)),"",VLOOKUP(L54,'MASTER DATA'!$A$1:$B$192,2,0)) -> Adv4TAX7Sc10W30SNMB_12*0.8L_A04W | N54: 48 | O54: =(V54-P54)/Q54 -> 1 | P54: =MOD(V54,Q54) -> 0 | Q54: =VLOOKUP(L54,'MASTER DATA'!$A$1:$E$192,5,0) -> 48 | R54: =SUMIF('picking of the day'!$H$4:$H$358,WMS!H54&WMS!L54,'picking of the day'!$E$4:$E$358) -> 0 | U54: =IF(ISNA(VLOOKUP(H54,'data putaway'!$A$1:$E$530,3,0)),0,VLOOKUP(H54,'data putaway'!$A$1:$E$530,3,0)) -> 0 | V54: =(N54+T54+U54)-(R54+S54) -> 48 | W54: =IF(ISNA(VLOOKUP(H54,'data putaway'!$A$1:$E$530,2,0)),0,VLOOKUP(H54,'data putaway'!$A$1:$E$530,2,0)) -> 0 | X54: =W54=L54 -> FALSE | Y54: =IF(ISNA(VLOOKUP(H54,'data putaway'!$A$1:$E$530,4,0)),0,VLOOKUP(H54,'data putaway'!$A$1:$E$530,4,0)) -> 0 | Z54: =IF(ISNA(VLOOKUP(H54,'data putaway'!$A$1:$E$530,5,0)),0,VLOOKUP(H54,'data putaway'!$A$1:$E$530,5,0)) -> 0 | AA54: =Y54=I54 -> FALSE | AB54: =Z54=K54 -> FALSE | AC54: =IF(J54="","",DATEDIF(J54,NOW(),"ym")&" Month"&", "&DATEDIF(J54,NOW(),"md")&" Days") -> 0 Month, 22 Days | AD54: =IF(K54="","",DATEDIF(NOW(),K54,"y")&" Year"&", "&DATEDIF(NOW(),K54,"ym")&" Month"&", "&DATEDIF(NOW(),K54,"md")&" Days") -> 3 Year, 10 Month, 30 Days | AE54: =N54+U54 -> 48 | AF54: =IF(V54>0,1,0) -> 1 | AG54: =D54&E54 -> CA05 | AH54: =IF(ISNA(VLOOKUP(L54,'MASTER DATA'!$A$1:$F$192,6,0)),0,VLOOKUP(L54,'MASTER DATA'!$A$1:$F$192,6,0))*AE54 -> 460.8 | AI54: =VLOOKUP($D54,'warehouse mapping'!$AN$7:$AO$17,2,0) -> Aktif | AJ54: =IF(AF54=0,1,0) -> 0 | AK54: =IF(AND(AJ54=1,AI54="aktif"),D54,"") | AL54: CAR | AM54: =COUNTIF($H$5:$H$2564,H54) -> 1 | AN54: =ISNUMBER(V54) -> TRUE
A55: =H55&L55 -> CA06A01550062285 | B55: =R55+S55 -> 0 | C55: =T55+U55 -> 0 | D55: =LEFT(H55,2) -> CA | E55: =MID(H55,3,2) -> 06 | F55: =MID(H55,5,1) -> A | G55: =RIGHT(H55,2) -> 01 | H55: CA06A01 | I55: 12626158 | J55: 46123 | K55: 47564 | L55: 550062285 | M55: =IF(ISNA(VLOOKUP(L55,'MASTER DATA'!$A$1:$B$192,2,0)),"",VLOOKUP(L55,'MASTER DATA'!$A$1:$B$192,2,0)) -> Gadus S3 V460DM 2_1*770kg_A227 | N55: 1 | O55: =(V55-P55)/Q55 -> 1 | P55: =MOD(V55,Q55) -> 0 | Q55: =VLOOKUP(L55,'MASTER DATA'!$A$1:$E$192,5,0) -> 1 | R55: =SUMIF('picking of the day'!$H$4:$H$358,WMS!H55&WMS!L55,'picking of the day'!$E$4:$E$358) -> 0 | U55: =IF(ISNA(VLOOKUP(H55,'data putaway'!$A$1:$E$530,3,0)),0,VLOOKUP(H55,'data putaway'!$A$1:$E$530,3,0)) -> 0 | V55: =(N55+T55+U55)-(R55+S55) -> 1 | W55: =IF(ISNA(VLOOKUP(H55,'data putaway'!$A$1:$E$530,2,0)),0,VLOOKUP(H55,'data putaway'!$A$1:$E$530,2,0)) -> 0 | X55: =W55=L55 -> FALSE | Y55: =IF(ISNA(VLOOKUP(H55,'data putaway'!$A$1:$E$530,4,0)),0,VLOOKUP(H55,'data putaway'!$A$1:$E$530,4,0)) -> 0 | Z55: =IF(ISNA(VLOOKUP(H55,'data putaway'!$A$1:$E$530,5,0)),0,VLOOKUP(H55,'data putaway'!$A$1:$E$530,5,0)) -> 0 | AA55: =Y55=I55 -> FALSE | AB55: =Z55=K55 -> FALSE | AC55: =IF(J55="","",DATEDIF(J55,NOW(),"ym")&" Month"&", "&DATEDIF(J55,NOW(),"md")&" Days") -> 5 Month, 7 Days | AD55: =IF(K55="","",DATEDIF(NOW(),K55,"y")&" Year"&", "&DATEDIF(NOW(),K55,"ym")&" Month"&", "&DATEDIF(NOW(),K55,"md")&" Days") -> 3 Year, 6 Month, 4 Days | AE55: =N55+U55 -> 1 | AF55: =IF(V55>0,1,0) -> 1 | AG55: =D55&E55 -> CA06 | AH55: =IF(ISNA(VLOOKUP(L55,'MASTER DATA'!$A$1:$F$192,6,0)),0,VLOOKUP(L55,'MASTER DATA'!$A$1:$F$192,6,0))*AE55 -> 770 | AI55: =VLOOKUP($D55,'warehouse mapping'!$AN$7:$AO$17,2,0) -> Aktif | AJ55: =IF(AF55=0,1,0) -> 0 | AK55: =IF(AND(AJ55=1,AI55="aktif"),D55,"") | AL55: Fluidbag | AM55: =COUNTIF($H$5:$H$2564,H55) -> 1 | AN55: =ISNUMBER(V55) -> TRUE
A56: =H56&L56 -> CA06A02550062285 | B56: =R56+S56 -> 0 | C56: =T56+U56 -> 0 | D56: =LEFT(H56,2) -> CA | E56: =MID(H56,3,2) -> 06 | F56: =MID(H56,5,1) -> A | G56: =RIGHT(H56,2) -> 02 | H56: CA06A02 | I56: 12626158 | J56: 46123 | K56: 47564 | L56: 550062285 | M56: =IF(ISNA(VLOOKUP(L56,'MASTER DATA'!$A$1:$B$192,2,0)),"",VLOOKUP(L56,'MASTER DATA'!$A$1:$B$192,2,0)) -> Gadus S3 V460DM 2_1*770kg_A227 | N56: 1 | O56: =(V56-P56)/Q56 -> 1 | P56: =MOD(V56,Q56) -> 0 | Q56: =VLOOKUP(L56,'MASTER DATA'!$A$1:$E$192,5,0) -> 1 | R56: =SUMIF('picking of the day'!$H$4:$H$358,WMS!H56&WMS!L56,'picking of the day'!$E$4:$E$358) -> 0 | U56: =IF(ISNA(VLOOKUP(H56,'data putaway'!$A$1:$E$530,3,0)),0,VLOOKUP(H56,'data putaway'!$A$1:$E$530,3,0)) -> 0 | V56: =(N56+T56+U56)-(R56+S56) -> 1 | W56: =IF(ISNA(VLOOKUP(H56,'data putaway'!$A$1:$E$530,2,0)),0,VLOOKUP(H56,'data putaway'!$A$1:$E$530,2,0)) -> 0 | X56: =W56=L56 -> FALSE | Y56: =IF(ISNA(VLOOKUP(H56,'data putaway'!$A$1:$E$530,4,0)),0,VLOOKUP(H56,'data putaway'!$A$1:$E$530,4,0)) -> 0 | Z56: =IF(ISNA(VLOOKUP(H56,'data putaway'!$A$1:$E$530,5,0)),0,VLOOKUP(H56,'data putaway'!$A$1:$E$530,5,0)) -> 0 | AA56: =Y56=I56 -> FALSE | AB56: =Z56=K56 -> FALSE | AC56: =IF(J56="","",DATEDIF(J56,NOW(),"ym")&" Month"&", "&DATEDIF(J56,NOW(),"md")&" Days") -> 5 Month, 7 Days | AD56: =IF(K56="","",DATEDIF(NOW(),K56,"y")&" Year"&", "&DATEDIF(NOW(),K56,"ym")&" Month"&", "&DATEDIF(NOW(),K56,"md")&" Days") -> 3 Year, 6 Month, 4 Days | AE56: =N56+U56 -> 1 | AF56: =IF(V56>0,1,0) -> 1 | AG56: =D56&E56 -> CA06 | AH56: =IF(ISNA(VLOOKUP(L56,'MASTER DATA'!$A$1:$F$192,6,0)),0,VLOOKUP(L56,'MASTER DATA'!$A$1:$F$192,6,0))*AE56 -> 770 | AI56: =VLOOKUP($D56,'warehouse mapping'!$AN$7:$AO$17,2,0) -> Aktif | AJ56: =IF(AF56=0,1,0) -> 0 | AK56: =IF(AND(AJ56=1,AI56="aktif"),D56,"") | AL56: Fluidbag | AM56: =COUNTIF($H$5:$H$2564,H56) -> 1 | AN56: =ISNUMBER(V56) -> TRUE
A57: =H57&L57 -> CA06B01550062285 | B57: =R57+S57 -> 0 | C57: =T57+U57 -> 0 | D57: =LEFT(H57,2) -> CA | E57: =MID(H57,3,2) -> 06 | F57: =MID(H57,5,1) -> B | G57: =RIGHT(H57,2) -> 01 | H57: CA06B01 | I57: 12626158 | J57: 46123 | K57: 47564 | L57: 550062285 | M57: =IF(ISNA(VLOOKUP(L57,'MASTER DATA'!$A$1:$B$192,2,0)),"",VLOOKUP(L57,'MASTER DATA'!$A$1:$B$192,2,0)) -> Gadus S3 V460DM 2_1*770kg_A227 | N57: 1 | O57: =(V57-P57)/Q57 -> 1 | P57: =MOD(V57,Q57) -> 0 | Q57: =VLOOKUP(L57,'MASTER DATA'!$A$1:$E$192,5,0) -> 1 | R57: =SUMIF('picking of the day'!$H$4:$H$358,WMS!H57&WMS!L57,'picking of the day'!$E$4:$E$358) -> 0 | U57: =IF(ISNA(VLOOKUP(H57,'data putaway'!$A$1:$E$530,3,0)),0,VLOOKUP(H57,'data putaway'!$A$1:$E$530,3,0)) -> 0 | V57: =(N57+T57+U57)-(R57+S57) -> 1 | W57: =IF(ISNA(VLOOKUP(H57,'data putaway'!$A$1:$E$530,2,0)),0,VLOOKUP(H57,'data putaway'!$A$1:$E$530,2,0)) -> 0 | X57: =W57=L57 -> FALSE | Y57: =IF(ISNA(VLOOKUP(H57,'data putaway'!$A$1:$E$530,4,0)),0,VLOOKUP(H57,'data putaway'!$A$1:$E$530,4,0)) -> 0 | Z57: =IF(ISNA(VLOOKUP(H57,'data putaway'!$A$1:$E$530,5,0)),0,VLOOKUP(H57,'data putaway'!$A$1:$E$530,5,0)) -> 0 | AA57: =Y57=I57 -> FALSE | AB57: =Z57=K57 -> FALSE | AC57: =IF(J57="","",DATEDIF(J57,NOW(),"ym")&" Month"&", "&DATEDIF(J57,NOW(),"md")&" Days") -> 5 Month, 7 Days | AD57: =IF(K57="","",DATEDIF(NOW(),K57,"y")&" Year"&", "&DATEDIF(NOW(),K57,"ym")&" Month"&", "&DATEDIF(NOW(),K57,"md")&" Days") -> 3 Year, 6 Month, 4 Days | AE57: =N57+U57 -> 1 | AF57: =IF(V57>0,1,0) -> 1 | AG57: =D57&E57 -> CA06 | AH57: =IF(ISNA(VLOOKUP(L57,'MASTER DATA'!$A$1:$F$192,6,0)),0,VLOOKUP(L57,'MASTER DATA'!$A$1:$F$192,6,0))*AE57 -> 770 | AI57: =VLOOKUP($D57,'warehouse mapping'!$AN$7:$AO$17,2,0) -> Aktif | AJ57: =IF(AF57=0,1,0) -> 0 | AK57: =IF(AND(AJ57=1,AI57="aktif"),D57,"") | AL57: Fluidbag | AM57: =COUNTIF($H$5:$H$2564,H57) -> 1 | AN57: =ISNUMBER(V57) -> TRUE
A58: =H58&L58 -> CA06B02550062285 | B58: =R58+S58 -> 0 | C58: =T58+U58 -> 0 | D58: =LEFT(H58,2) -> CA | E58: =MID(H58,3,2) -> 06 | F58: =MID(H58,5,1) -> B | G58: =RIGHT(H58,2) -> 02 | H58: CA06B02 | I58: 12619965 | J58: 46112 | K58: 47542 | L58: 550062285 | M58: =IF(ISNA(VLOOKUP(L58,'MASTER DATA'!$A$1:$B$192,2,0)),"",VLOOKUP(L58,'MASTER DATA'!$A$1:$B$192,2,0)) -> Gadus S3 V460DM 2_1*770kg_A227 | N58: 1 | O58: =(V58-P58)/Q58 -> 1 | P58: =MOD(V58,Q58) -> 0 | Q58: =VLOOKUP(L58,'MASTER DATA'!$A$1:$E$192,5,0) -> 1 | R58: =SUMIF('picking of the day'!$H$4:$H$358,WMS!H58&WMS!L58,'picking of the day'!$E$4:$E$358) -> 0 | U58: =IF(ISNA(VLOOKUP(H58,'data putaway'!$A$1:$E$530,3,0)),0,VLOOKUP(H58,'data putaway'!$A$1:$E$530,3,0)) -> 0 | V58: =(N58+T58+U58)-(R58+S58) -> 1 | W58: =IF(ISNA(VLOOKUP(H58,'data putaway'!$A$1:$E$530,2,0)),0,VLOOKUP(H58,'data putaway'!$A$1:$E$530,2,0)) -> 0 | X58: =W58=L58 -> FALSE | Y58: =IF(ISNA(VLOOKUP(H58,'data putaway'!$A$1:$E$530,4,0)),0,VLOOKUP(H58,'data putaway'!$A$1:$E$530,4,0)) -> 0 | Z58: =IF(ISNA(VLOOKUP(H58,'data putaway'!$A$1:$E$530,5,0)),0,VLOOKUP(H58,'data putaway'!$A$1:$E$530,5,0)) -> 0 | AA58: =Y58=I58 -> FALSE | AB58: =Z58=K58 -> FALSE | AC58: =IF(J58="","",DATEDIF(J58,NOW(),"ym")&" Month"&", "&DATEDIF(J58,NOW(),"md")&" Days") -> 5 Month, 18 Days | AD58: =IF(K58="","",DATEDIF(NOW(),K58,"y")&" Year"&", "&DATEDIF(NOW(),K58,"ym")&" Month"&", "&DATEDIF(NOW(),K58,"md")&" Days") -> 3 Year, 5 Month, 10 Days | AE58: =N58+U58 -> 1 | AF58: =IF(V58>0,1,0) -> 1 | AG58: =D58&E58 -> CA06 | AH58: =IF(ISNA(VLOOKUP(L58,'MASTER DATA'!$A$1:$F$192,6,0)),0,VLOOKUP(L58,'MASTER DATA'!$A$1:$F$192,6,0))*AE58 -> 770 | AI58: =VLOOKUP($D58,'warehouse mapping'!$AN$7:$AO$17,2,0) -> Aktif | AJ58: =IF(AF58=0,1,0) -> 0 | AK58: =IF(AND(AJ58=1,AI58="aktif"),D58,"") | AL58: Fluidbag | AM58: =COUNTIF($H$5:$H$2564,H58) -> 1 | AN58: =ISNUMBER(V58) -> TRUE
A59: =H59&L59 -> CA06C01550071397 | B59: =R59+S59 -> 0 | C59: =T59+U59 -> 0 | D59: =LEFT(H59,2) -> CA | E59: =MID(H59,3,2) -> 06 | F59: =MID(H59,5,1) -> C | G59: =RIGHT(H59,2) -> 01 | H59: CA06C01 | I59: 01I26JJ | J59: 46274 | K59: 47727 | L59: 550071397 | M59: =IF(ISNA(VLOOKUP(L59,'MASTER DATA'!$A$1:$B$192,2,0)),"",VLOOKUP(L59,'MASTER DATA'!$A$1:$B$192,2,0)) -> HelixHX515W40SNCF_4*4L_A04W | N59: 36 | O59: =(V59-P59)/Q59 -> 1 | P59: =MOD(V59,Q59) -> 0 | Q59: =VLOOKUP(L59,'MASTER DATA'!$A$1:$E$192,5,0) -> 36 | R59: =SUMIF('picking of the day'!$H$4:$H$358,WMS!H59&WMS!L59,'picking of the day'!$E$4:$E$358) -> 0 | U59: =IF(ISNA(VLOOKUP(H59,'data putaway'!$A$1:$E$530,3,0)),0,VLOOKUP(H59,'data putaway'!$A$1:$E$530,3,0)) -> 0 | V59: =(N59+T59+U59)-(R59+S59) -> 36 | W59: =IF(ISNA(VLOOKUP(H59,'data putaway'!$A$1:$E$530,2,0)),0,VLOOKUP(H59,'data putaway'!$A$1:$E$530,2,0)) -> 0 | X59: =W59=L59 -> FALSE | Y59: =IF(ISNA(VLOOKUP(H59,'data putaway'!$A$1:$E$530,4,0)),0,VLOOKUP(H59,'data putaway'!$A$1:$E$530,4,0)) -> 0 | Z59: =IF(ISNA(VLOOKUP(H59,'data putaway'!$A$1:$E$530,5,0)),0,VLOOKUP(H59,'data putaway'!$A$1:$E$530,5,0)) -> 0 | AA59: =Y59=I59 -> FALSE | AB59: =Z59=K59 -> FALSE | AC59: =IF(J59="","",DATEDIF(J59,NOW(),"ym")&" Month"&", "&DATEDIF(J59,NOW(),"md")&" Days") -> 0 Month, 9 Days | AD59: =IF(K59="","",DATEDIF(NOW(),K59,"y")&" Year"&", "&DATEDIF(NOW(),K59,"ym")&" Month"&", "&DATEDIF(NOW(),K59,"md")&" Days") -> 3 Year, 11 Month, 14 Days | AE59: =N59+U59 -> 36 | AF59: =IF(V59>0,1,0) -> 1 | AG59: =D59&E59 -> CA06 | AH59: =IF(ISNA(VLOOKUP(L59,'MASTER DATA'!$A$1:$F$192,6,0)),0,VLOOKUP(L59,'MASTER DATA'!$A$1:$F$192,6,0))*AE59 -> 576 | AI59: =VLOOKUP($D59,'warehouse mapping'!$AN$7:$AO$17,2,0) -> Aktif | AJ59: =IF(AF59=0,1,0) -> 0 | AK59: =IF(AND(AJ59=1,AI59="aktif"),D59,"") | AL59: CAR | AM59: =COUNTIF($H$5:$H$2564,H59) -> 1 | AN59: =ISNUMBER(V59) -> TRUE
A60: =H60&L60 -> CA06C02550025043 | B60: =R60+S60 -> 0 | C60: =T60+U60 -> 0 | D60: =LEFT(H60,2) -> CA | E60: =MID(H60,3,2) -> 06 | F60: =MID(H60,5,1) -> C | G60: =RIGHT(H60,2) -> 02 | H60: CA06C02 | I60: 12690046 | J60: 46272 | K60: 47703 | L60: 550025043 | M60: =IF(ISNA(VLOOKUP(L60,'MASTER DATA'!$A$1:$B$192,2,0)),"",VLOOKUP(L60,'MASTER DATA'!$A$1:$B$192,2,0)) -> Spirax S2 A 80W-90_1*209L_A227 | N60: 0 | O60: =(V60-P60)/Q60 -> 0 | P60: =MOD(V60,Q60) -> 0 | Q60: =VLOOKUP(L60,'MASTER DATA'!$A$1:$E$192,5,0) -> 4 | R60: =SUMIF('picking of the day'!$H$4:$H$358,WMS!H60&WMS!L60,'picking of the day'!$E$4:$E$358) -> 0 | U60: =IF(ISNA(VLOOKUP(H60,'data putaway'!$A$1:$E$530,3,0)),0,VLOOKUP(H60,'data putaway'!$A$1:$E$530,3,0)) -> 0 | V60: =(N60+T60+U60)-(R60+S60) -> 0 | W60: =IF(ISNA(VLOOKUP(H60,'data putaway'!$A$1:$E$530,2,0)),0,VLOOKUP(H60,'data putaway'!$A$1:$E$530,2,0)) -> 0 | X60: =W60=L60 -> FALSE | Y60: =IF(ISNA(VLOOKUP(H60,'data putaway'!$A$1:$E$530,4,0)),0,VLOOKUP(H60,'data putaway'!$A$1:$E$530,4,0)) -> 0 | Z60: =IF(ISNA(VLOOKUP(H60,'data putaway'!$A$1:$E$530,5,0)),0,VLOOKUP(H60,'data putaway'!$A$1:$E$530,5,0)) -> 0 | AA60: =Y60=I60 -> FALSE | AB60: =Z60=K60 -> FALSE | AC60: =IF(J60="","",DATEDIF(J60,NOW(),"ym")&" Month"&", "&DATEDIF(J60,NOW(),"md")&" Days") -> 0 Month, 11 Days | AD60: =IF(K60="","",DATEDIF(NOW(),K60,"y")&" Year"&", "&DATEDIF(NOW(),K60,"ym")&" Month"&", "&DATEDIF(NOW(),K60,"md")&" Days") -> 3 Year, 10 Month, 21 Days | AE60: =N60+U60 -> 0 | AF60: =IF(V60>0,1,0) -> 0 | AG60: =D60&E60 -> CA06 | AH60: =IF(ISNA(VLOOKUP(L60,'MASTER DATA'!$A$1:$F$192,6,0)),0,VLOOKUP(L60,'MASTER DATA'!$A$1:$F$192,6,0))*AE60 -> 0 | AI60: =VLOOKUP($D60,'warehouse mapping'!$AN$7:$AO$17,2,0) -> Aktif | AJ60: =IF(AF60=0,1,0) -> 1 | AK60: =IF(AND(AJ60=1,AI60="aktif"),D60,"") -> CA | AL60: CAR | AM60: =COUNTIF($H$5:$H$2564,H60) -> 1 | AN60: =ISNUMBER(V60) -> TRUE
A61: =H61&L61 -> CA06D01550070614 | B61: =R61+S61 -> 0 | C61: =T61+U61 -> 0 | D61: =LEFT(H61,2) -> CA | E61: =MID(H61,3,2) -> 06 | F61: =MID(H61,5,1) -> D | G61: =RIGHT(H61,2) -> 01 | H61: CA06D01 | I61: 20H26JJ | J61: 46272 | K61: 47715 | L61: 550070614 | M61: =IF(ISNA(VLOOKUP(L61,'MASTER DATA'!$A$1:$B$192,2,0)),"",VLOOKUP(L61,'MASTER DATA'!$A$1:$B$192,2,0)) -> HlxHX610W40SP_4*4L_A04W | N61: 36 | O61: =(V61-P61)/Q61 -> 1 | P61: =MOD(V61,Q61) -> 0 | Q61: =VLOOKUP(L61,'MASTER DATA'!$A$1:$E$192,5,0) -> 36 | R61: =SUMIF('picking of the day'!$H$4:$H$358,WMS!H61&WMS!L61,'picking of the day'!$E$4:$E$358) -> 0 | U61: =IF(ISNA(VLOOKUP(H61,'data putaway'!$A$1:$E$530,3,0)),0,VLOOKUP(H61,'data putaway'!$A$1:$E$530,3,0)) -> 0 | V61: =(N61+T61+U61)-(R61+S61) -> 36 | W61: =IF(ISNA(VLOOKUP(H61,'data putaway'!$A$1:$E$530,2,0)),0,VLOOKUP(H61,'data putaway'!$A$1:$E$530,2,0)) -> 0 | X61: =W61=L61 -> FALSE | Y61: =IF(ISNA(VLOOKUP(H61,'data putaway'!$A$1:$E$530,4,0)),0,VLOOKUP(H61,'data putaway'!$A$1:$E$530,4,0)) -> 0 | Z61: =IF(ISNA(VLOOKUP(H61,'data putaway'!$A$1:$E$530,5,0)),0,VLOOKUP(H61,'data putaway'!$A$1:$E$530,5,0)) -> 0 | AA61: =Y61=I61 -> FALSE | AB61: =Z61=K61 -> FALSE | AC61: =IF(J61="","",DATEDIF(J61,NOW(),"ym")&" Month"&", "&DATEDIF(J61,NOW(),"md")&" Days") -> 0 Month, 11 Days | AD61: =IF(K61="","",DATEDIF(NOW(),K61,"y")&" Year"&", "&DATEDIF(NOW(),K61,"ym")&" Month"&", "&DATEDIF(NOW(),K61,"md")&" Days") -> 3 Year, 11 Month, 2 Days | AE61: =N61+U61 -> 36 | AF61: =IF(V61>0,1,0) -> 1 | AG61: =D61&E61 -> CA06 | AH61: =IF(ISNA(VLOOKUP(L61,'MASTER DATA'!$A$1:$F$192,6,0)),0,VLOOKUP(L61,'MASTER DATA'!$A$1:$F$192,6,0))*AE61 -> 576 | AI61: =VLOOKUP($D61,'warehouse mapping'!$AN$7:$AO$17,2,0) -> Aktif | AJ61: =IF(AF61=0,1,0) -> 0 | AK61: =IF(AND(AJ61=1,AI61="aktif"),D61,"") | AL61: CAR | AM61: =COUNTIF($H$5:$H$2564,H61) -> 1 | AN61: =ISNUMBER(V61) -> TRUE
A62: =H62&L62 -> CA06D02550047302 | B62: =R62+S62 -> 0 | C62: =T62+U62 -> 0 | D62: =LEFT(H62,2) -> CA | E62: =MID(H62,3,2) -> 06 | F62: =MID(H62,5,1) -> D | G62: =RIGHT(H62,2) -> 02 | H62: CA06D02 | I62: 17G26JJ | J62: 46228 | K62: 47681 | L62: 550047302 | M62: =IF(ISNA(VLOOKUP(L62,'MASTER DATA'!$A$1:$B$192,2,0)),"",VLOOKUP(L62,'MASTER DATA'!$A$1:$B$192,2,0)) -> Advance SX2Solvfe_12*0.7L_A04W | N62: 48 | O62: =(V62-P62)/Q62 -> 1 | P62: =MOD(V62,Q62) -> 0 | Q62: =VLOOKUP(L62,'MASTER DATA'!$A$1:$E$192,5,0) -> 48 | R62: =SUMIF('picking of the day'!$H$4:$H$358,WMS!H62&WMS!L62,'picking of the day'!$E$4:$E$358) -> 0 | U62: =IF(ISNA(VLOOKUP(H62,'data putaway'!$A$1:$E$530,3,0)),0,VLOOKUP(H62,'data putaway'!$A$1:$E$530,3,0)) -> 0 | V62: =(N62+T62+U62)-(R62+S62) -> 48 | W62: =IF(ISNA(VLOOKUP(H62,'data putaway'!$A$1:$E$530,2,0)),0,VLOOKUP(H62,'data putaway'!$A$1:$E$530,2,0)) -> 0 | X62: =W62=L62 -> FALSE | Y62: =IF(ISNA(VLOOKUP(H62,'data putaway'!$A$1:$E$530,4,0)),0,VLOOKUP(H62,'data putaway'!$A$1:$E$530,4,0)) -> 0 | Z62: =IF(ISNA(VLOOKUP(H62,'data putaway'!$A$1:$E$530,5,0)),0,VLOOKUP(H62,'data putaway'!$A$1:$E$530,5,0)) -> 0 | AA62: =Y62=I62 -> FALSE | AB62: =Z62=K62 -> FALSE | AC62: =IF(J62="","",DATEDIF(J62,NOW(),"ym")&" Month"&", "&DATEDIF(J62,NOW(),"md")&" Days") -> 1 Month, 24 Days | AD62: =IF(K62="","",DATEDIF(NOW(),K62,"y")&" Year"&", "&DATEDIF(NOW(),K62,"ym")&" Month"&", "&DATEDIF(NOW(),K62,"md")&" Days") -> 3 Year, 9 Month, 29 Days | AE62: =N62+U62 -> 48 | AF62: =IF(V62>0,1,0) -> 1 | AG62: =D62&E62 -> CA06 | AH62: =IF(ISNA(VLOOKUP(L62,'MASTER DATA'!$A$1:$F$192,6,0)),0,VLOOKUP(L62,'MASTER DATA'!$A$1:$F$192,6,0))*AE62 -> 403.2 | AI62: =VLOOKUP($D62,'warehouse mapping'!$AN$7:$AO$17,2,0) -> Aktif | AJ62: =IF(AF62=0,1,0) -> 0 | AK62: =IF(AND(AJ62=1,AI62="aktif"),D62,"") | AL62: CAR | AM62: =COUNTIF($H$5:$H$2564,H62) -> 1 | AN62: =ISNUMBER(V62) -> TRUE
A63: =H63&L63 -> CA06E01550070614 | B63: =R63+S63 -> 0 | C63: =T63+U63 -> 0 | D63: =LEFT(H63,2) -> CA | E63: =MID(H63,3,2) -> 06 | F63: =MID(H63,5,1) -> E | G63: =RIGHT(H63,2) -> 01 | H63: CA06E01 | I63: 20H26JJ | J63: 46272 | K63: 47715 | L63: 550070614 | M63: =IF(ISNA(VLOOKUP(L63,'MASTER DATA'!$A$1:$B$192,2,0)),"",VLOOKUP(L63,'MASTER DATA'!$A$1:$B$192,2,0)) -> HlxHX610W40SP_4*4L_A04W | N63: 36 | O63: =(V63-P63)/Q63 -> 1 | P63: =MOD(V63,Q63) -> 0 | Q63: =VLOOKUP(L63,'MASTER DATA'!$A$1:$E$192,5,0) -> 36 | R63: =SUMIF('picking of the day'!$H$4:$H$358,WMS!H63&WMS!L63,'picking of the day'!$E$4:$E$358) -> 0 | U63: =IF(ISNA(VLOOKUP(H63,'data putaway'!$A$1:$E$530,3,0)),0,VLOOKUP(H63,'data putaway'!$A$1:$E$530,3,0)) -> 0 | V63: =(N63+T63+U63)-(R63+S63) -> 36 | W63: =IF(ISNA(VLOOKUP(H63,'data putaway'!$A$1:$E$530,2,0)),0,VLOOKUP(H63,'data putaway'!$A$1:$E$530,2,0)) -> 0 | X63: =W63=L63 -> FALSE | Y63: =IF(ISNA(VLOOKUP(H63,'data putaway'!$A$1:$E$530,4,0)),0,VLOOKUP(H63,'data putaway'!$A$1:$E$530,4,0)) -> 0 | Z63: =IF(ISNA(VLOOKUP(H63,'data putaway'!$A$1:$E$530,5,0)),0,VLOOKUP(H63,'data putaway'!$A$1:$E$530,5,0)) -> 0 | AA63: =Y63=I63 -> FALSE | AB63: =Z63=K63 -> FALSE | AC63: =IF(J63="","",DATEDIF(J63,NOW(),"ym")&" Month"&", "&DATEDIF(J63,NOW(),"md")&" Days") -> 0 Month, 11 Days | AD63: =IF(K63="","",DATEDIF(NOW(),K63,"y")&" Year"&", "&DATEDIF(NOW(),K63,"ym")&" Month"&", "&DATEDIF(NOW(),K63,"md")&" Days") -> 3 Year, 11 Month, 2 Days | AE63: =N63+U63 -> 36 | AF63: =IF(V63>0,1,0) -> 1 | AG63: =D63&E63 -> CA06 | AH63: =IF(ISNA(VLOOKUP(L63,'MASTER DATA'!$A$1:$F$192,6,0)),0,VLOOKUP(L63,'MASTER DATA'!$A$1:$F$192,6,0))*AE63 -> 576 | AI63: =VLOOKUP($D63,'warehouse mapping'!$AN$7:$AO$17,2,0) -> Aktif | AJ63: =IF(AF63=0,1,0) -> 0 | AK63: =IF(AND(AJ63=1,AI63="aktif"),D63,"") | AL63: CAR | AM63: =COUNTIF($H$5:$H$2564,H63) -> 1 | AN63: =ISNUMBER(V63) -> TRUE
A64: =H64&L64 -> CA06E02550047302 | B64: =R64+S64 -> 0 | C64: =T64+U64 -> 0 | D64: =LEFT(H64,2) -> CA | E64: =MID(H64,3,2) -> 06 | F64: =MID(H64,5,1) -> E | G64: =RIGHT(H64,2) -> 02 | H64: CA06E02 | I64: 17G26JJ | J64: 46228 | K64: 47681 | L64: 550047302 | M64: =IF(ISNA(VLOOKUP(L64,'MASTER DATA'!$A$1:$B$192,2,0)),"",VLOOKUP(L64,'MASTER DATA'!$A$1:$B$192,2,0)) -> Advance SX2Solvfe_12*0.7L_A04W | N64: 48 | O64: =(V64-P64)/Q64 -> 1 | P64: =MOD(V64,Q64) -> 0 | Q64: =VLOOKUP(L64,'MASTER DATA'!$A$1:$E$192,5,0) -> 48 | R64: =SUMIF('picking of the day'!$H$4:$H$358,WMS!H64&WMS!L64,'picking of the day'!$E$4:$E$358) -> 0 | U64: =IF(ISNA(VLOOKUP(H64,'data putaway'!$A$1:$E$530,3,0)),0,VLOOKUP(H64,'data putaway'!$A$1:$E$530,3,0)) -> 0 | V64: =(N64+T64+U64)-(R64+S64) -> 48 | W64: =IF(ISNA(VLOOKUP(H64,'data putaway'!$A$1:$E$530,2,0)),0,VLOOKUP(H64,'data putaway'!$A$1:$E$530,2,0)) -> 0 | X64: =W64=L64 -> FALSE | Y64: =IF(ISNA(VLOOKUP(H64,'data putaway'!$A$1:$E$530,4,0)),0,VLOOKUP(H64,'data putaway'!$A$1:$E$530,4,0)) -> 0 | Z64: =IF(ISNA(VLOOKUP(H64,'data putaway'!$A$1:$E$530,5,0)),0,VLOOKUP(H64,'data putaway'!$A$1:$E$530,5,0)) -> 0 | AA64: =Y64=I64 -> FALSE | AB64: =Z64=K64 -> FALSE | AC64: =IF(J64="","",DATEDIF(J64,NOW(),"ym")&" Month"&", "&DATEDIF(J64,NOW(),"md")&" Days") -> 1 Month, 24 Days | AD64: =IF(K64="","",DATEDIF(NOW(),K64,"y")&" Year"&", "&DATEDIF(NOW(),K64,"ym")&" Month"&", "&DATEDIF(NOW(),K64,"md")&" Days") -> 3 Year, 9 Month, 29 Days | AE64: =N64+U64 -> 48 | AF64: =IF(V64>0,1,0) -> 1 | AG64: =D64&E64 -> CA06 | AH64: =IF(ISNA(VLOOKUP(L64,'MASTER DATA'!$A$1:$F$192,6,0)),0,VLOOKUP(L64,'MASTER DATA'!$A$1:$F$192,6,0))*AE64 -> 403.2 | AI64: =VLOOKUP($D64,'warehouse mapping'!$AN$7:$AO$17,2,0) -> Aktif | AJ64: =IF(AF64=0,1,0) -> 0 | AK64: =IF(AND(AJ64=1,AI64="aktif"),D64,"") | AL64: CAR | AM64: =COUNTIF($H$5:$H$2564,H64) -> 1 | AN64: =ISNUMBER(V64) -> TRUE
A65: =H65&L65 -> CA07A01550062285 | B65: =R65+S65 -> 0 | C65: =T65+U65 -> 0 | D65: =LEFT(H65,2) -> CA | E65: =MID(H65,3,2) -> 07 | F65: =MID(H65,5,1) -> A | G65: =RIGHT(H65,2) -> 01 | H65: CA07A01 | I65: 12619965 | J65: 46112 | K65: 47542 | L65: 550062285 | M65: =IF(ISNA(VLOOKUP(L65,'MASTER DATA'!$A$1:$B$192,2,0)),"",VLOOKUP(L65,'MASTER DATA'!$A$1:$B$192,2,0)) -> Gadus S3 V460DM 2_1*770kg_A227 | N65: 1 | O65: =(V65-P65)/Q65 -> 1 | P65: =MOD(V65,Q65) -> 0 | Q65: =VLOOKUP(L65,'MASTER DATA'!$A$1:$E$192,5,0) -> 1 | R65: =SUMIF('picking of the day'!$H$4:$H$358,WMS!H65&WMS!L65,'picking of the day'!$E$4:$E$358) -> 0 | U65: =IF(ISNA(VLOOKUP(H65,'data putaway'!$A$1:$E$530,3,0)),0,VLOOKUP(H65,'data putaway'!$A$1:$E$530,3,0)) -> 0 | V65: =(N65+T65+U65)-(R65+S65) -> 1 | W65: =IF(ISNA(VLOOKUP(H65,'data putaway'!$A$1:$E$530,2,0)),0,VLOOKUP(H65,'data putaway'!$A$1:$E$530,2,0)) -> 0 | X65: =W65=L65 -> FALSE | Y65: =IF(ISNA(VLOOKUP(H65,'data putaway'!$A$1:$E$530,4,0)),0,VLOOKUP(H65,'data putaway'!$A$1:$E$530,4,0)) -> 0 | Z65: =IF(ISNA(VLOOKUP(H65,'data putaway'!$A$1:$E$530,5,0)),0,VLOOKUP(H65,'data putaway'!$A$1:$E$530,5,0)) -> 0 | AA65: =Y65=I65 -> FALSE | AB65: =Z65=K65 -> FALSE | AC65: =IF(J65="","",DATEDIF(J65,NOW(),"ym")&" Month"&", "&DATEDIF(J65,NOW(),"md")&" Days") -> 5 Month, 18 Days | AD65: =IF(K65="","",DATEDIF(NOW(),K65,"y")&" Year"&", "&DATEDIF(NOW(),K65,"ym")&" Month"&", "&DATEDIF(NOW(),K65,"md")&" Days") -> 3 Year, 5 Month, 10 Days | AE65: =N65+U65 -> 1 | AF65: =IF(V65>0,1,0) -> 1 | AG65: =D65&E65 -> CA07 | AH65: =IF(ISNA(VLOOKUP(L65,'MASTER DATA'!$A$1:$F$192,6,0)),0,VLOOKUP(L65,'MASTER DATA'!$A$1:$F$192,6,0))*AE65 -> 770 | AI65: =VLOOKUP($D65,'warehouse mapping'!$AN$7:$AO$17,2,0) -> Aktif | AJ65: =IF(AF65=0,1,0) -> 0 | AK65: =IF(AND(AJ65=1,AI65="aktif"),D65,"") | AL65: Fluidbag | AM65: =COUNTIF($H$5:$H$2564,H65) -> 1 | AN65: =ISNUMBER(V65) -> TRUE
A66: =H66&L66 -> CA07A02550062285 | B66: =R66+S66 -> 0 | C66: =T66+U66 -> 0 | D66: =LEFT(H66,2) -> CA | E66: =MID(H66,3,2) -> 07 | F66: =MID(H66,5,1) -> A | G66: =RIGHT(H66,2) -> 02 | H66: CA07A02 | I66: 12619965 | J66: 46112 | K66: 47542 | L66: 550062285 | M66: =IF(ISNA(VLOOKUP(L66,'MASTER DATA'!$A$1:$B$192,2,0)),"",VLOOKUP(L66,'MASTER DATA'!$A$1:$B$192,2,0)) -> Gadus S3 V460DM 2_1*770kg_A227 | N66: 1 | O66: =(V66-P66)/Q66 -> 1 | P66: =MOD(V66,Q66) -> 0 | Q66: =VLOOKUP(L66,'MASTER DATA'!$A$1:$E$192,5,0) -> 1 | R66: =SUMIF('picking of the day'!$H$4:$H$358,WMS!H66&WMS!L66,'picking of the day'!$E$4:$E$358) -> 0 | U66: =IF(ISNA(VLOOKUP(H66,'data putaway'!$A$1:$E$530,3,0)),0,VLOOKUP(H66,'data putaway'!$A$1:$E$530,3,0)) -> 0 | V66: =(N66+T66+U66)-(R66+S66) -> 1 | W66: =IF(ISNA(VLOOKUP(H66,'data putaway'!$A$1:$E$530,2,0)),0,VLOOKUP(H66,'data putaway'!$A$1:$E$530,2,0)) -> 0 | X66: =W66=L66 -> FALSE | Y66: =IF(ISNA(VLOOKUP(H66,'data putaway'!$A$1:$E$530,4,0)),0,VLOOKUP(H66,'data putaway'!$A$1:$E$530,4,0)) -> 0 | Z66: =IF(ISNA(VLOOKUP(H66,'data putaway'!$A$1:$E$530,5,0)),0,VLOOKUP(H66,'data putaway'!$A$1:$E$530,5,0)) -> 0 | AA66: =Y66=I66 -> FALSE | AB66: =Z66=K66 -> FALSE | AC66: =IF(J66="","",DATEDIF(J66,NOW(),"ym")&" Month"&", "&DATEDIF(J66,NOW(),"md")&" Days") -> 5 Month, 18 Days | AD66: =IF(K66="","",DATEDIF(NOW(),K66,"y")&" Year"&", "&DATEDIF(NOW(),K66,"ym")&" Month"&", "&DATEDIF(NOW(),K66,"md")&" Days") -> 3 Year, 5 Month, 10 Days | AE66: =N66+U66 -> 1 | AF66: =IF(V66>0,1,0) -> 1 | AG66: =D66&E66 -> CA07 | AH66: =IF(ISNA(VLOOKUP(L66,'MASTER DATA'!$A$1:$F$192,6,0)),0,VLOOKUP(L66,'MASTER DATA'!$A$1:$F$192,6,0))*AE66 -> 770 | AI66: =VLOOKUP($D66,'warehouse mapping'!$AN$7:$AO$17,2,0) -> Aktif | AJ66: =IF(AF66=0,1,0) -> 0 | AK66: =IF(AND(AJ66=1,AI66="aktif"),D66,"") | AL66: Fluidbag | AM66: =COUNTIF($H$5:$H$2564,H66) -> 1 | AN66: =ISNUMBER(V66) -> TRUE
A67: =H67&L67 -> CA07B01550062285 | B67: =R67+S67 -> 0 | C67: =T67+U67 -> 0 | D67: =LEFT(H67,2) -> CA | E67: =MID(H67,3,2) -> 07 | F67: =MID(H67,5,1) -> B | G67: =RIGHT(H67,2) -> 01 | H67: CA07B01 | I67: 12619965 | J67: 46112 | K67: 47542 | L67: 550062285 | M67: =IF(ISNA(VLOOKUP(L67,'MASTER DATA'!$A$1:$B$192,2,0)),"",VLOOKUP(L67,'MASTER DATA'!$A$1:$B$192,2,0)) -> Gadus S3 V460DM 2_1*770kg_A227 | N67: 1 | O67: =(V67-P67)/Q67 -> 1 | P67: =MOD(V67,Q67) -> 0 | Q67: =VLOOKUP(L67,'MASTER DATA'!$A$1:$E$192,5,0) -> 1 | R67: =SUMIF('picking of the day'!$H$4:$H$358,WMS!H67&WMS!L67,'picking of the day'!$E$4:$E$358) -> 0 | U67: =IF(ISNA(VLOOKUP(H67,'data putaway'!$A$1:$E$530,3,0)),0,VLOOKUP(H67,'data putaway'!$A$1:$E$530,3,0)) -> 0 | V67: =(N67+T67+U67)-(R67+S67) -> 1 | W67: =IF(ISNA(VLOOKUP(H67,'data putaway'!$A$1:$E$530,2,0)),0,VLOOKUP(H67,'data putaway'!$A$1:$E$530,2,0)) -> 0 | X67: =W67=L67 -> FALSE | Y67: =IF(ISNA(VLOOKUP(H67,'data putaway'!$A$1:$E$530,4,0)),0,VLOOKUP(H67,'data putaway'!$A$1:$E$530,4,0)) -> 0 | Z67: =IF(ISNA(VLOOKUP(H67,'data putaway'!$A$1:$E$530,5,0)),0,VLOOKUP(H67,'data putaway'!$A$1:$E$530,5,0)) -> 0 | AA67: =Y67=I67 -> FALSE | AB67: =Z67=K67 -> FALSE | AC67: =IF(J67="","",DATEDIF(J67,NOW(),"ym")&" Month"&", "&DATEDIF(J67,NOW(),"md")&" Days") -> 5 Month, 18 Days | AD67: =IF(K67="","",DATEDIF(NOW(),K67,"y")&" Year"&", "&DATEDIF(NOW(),K67,"ym")&" Month"&", "&DATEDIF(NOW(),K67,"md")&" Days") -> 3 Year, 5 Month, 10 Days | AE67: =N67+U67 -> 1 | AF67: =IF(V67>0,1,0) -> 1 | AG67: =D67&E67 -> CA07 | AH67: =IF(ISNA(VLOOKUP(L67,'MASTER DATA'!$A$1:$F$192,6,0)),0,VLOOKUP(L67,'MASTER DATA'!$A$1:$F$192,6,0))*AE67 -> 770 | AI67: =VLOOKUP($D67,'warehouse mapping'!$AN$7:$AO$17,2,0) -> Aktif | AJ67: =IF(AF67=0,1,0) -> 0 | AK67: =IF(AND(AJ67=1,AI67="aktif"),D67,"") | AL67: Fluidbag | AM67: =COUNTIF($H$5:$H$2564,H67) -> 1 | AN67: =ISNUMBER(V67) -> TRUE
A68: =H68&L68 -> CA07B02550062285 | B68: =R68+S68 -> 0 | C68: =T68+U68 -> 0 | D68: =LEFT(H68,2) -> CA | E68: =MID(H68,3,2) -> 07 | F68: =MID(H68,5,1) -> B | G68: =RIGHT(H68,2) -> 02 | H68: CA07B02 | I68: 12619965 | J68: 46112 | K68: 47542 | L68: 550062285 | M68: =IF(ISNA(VLOOKUP(L68,'MASTER DATA'!$A$1:$B$192,2,0)),"",VLOOKUP(L68,'MASTER DATA'!$A$1:$B$192,2,0)) -> Gadus S3 V460DM 2_1*770kg_A227 | N68: 1 | O68: =(V68-P68)/Q68 -> 1 | P68: =MOD(V68,Q68) -> 0 | Q68: =VLOOKUP(L68,'MASTER DATA'!$A$1:$E$192,5,0) -> 1 | R68: =SUMIF('picking of the day'!$H$4:$H$358,WMS!H68&WMS!L68,'picking of the day'!$E$4:$E$358) -> 0 | U68: =IF(ISNA(VLOOKUP(H68,'data putaway'!$A$1:$E$530,3,0)),0,VLOOKUP(H68,'data putaway'!$A$1:$E$530,3,0)) -> 0 | V68: =(N68+T68+U68)-(R68+S68) -> 1 | W68: =IF(ISNA(VLOOKUP(H68,'data putaway'!$A$1:$E$530,2,0)),0,VLOOKUP(H68,'data putaway'!$A$1:$E$530,2,0)) -> 0 | X68: =W68=L68 -> FALSE | Y68: =IF(ISNA(VLOOKUP(H68,'data putaway'!$A$1:$E$530,4,0)),0,VLOOKUP(H68,'data putaway'!$A$1:$E$530,4,0)) -> 0 | Z68: =IF(ISNA(VLOOKUP(H68,'data putaway'!$A$1:$E$530,5,0)),0,VLOOKUP(H68,'data putaway'!$A$1:$E$530,5,0)) -> 0 | AA68: =Y68=I68 -> FALSE | AB68: =Z68=K68 -> FALSE | AC68: =IF(J68="","",DATEDIF(J68,NOW(),"ym")&" Month"&", "&DATEDIF(J68,NOW(),"md")&" Days") -> 5 Month, 18 Days | AD68: =IF(K68="","",DATEDIF(NOW(),K68,"y")&" Year"&", "&DATEDIF(NOW(),K68,"ym")&" Month"&", "&DATEDIF(NOW(),K68,"md")&" Days") -> 3 Year, 5 Month, 10 Days | AE68: =N68+U68 -> 1 | AF68: =IF(V68>0,1,0) -> 1 | AG68: =D68&E68 -> CA07 | AH68: =IF(ISNA(VLOOKUP(L68,'MASTER DATA'!$A$1:$F$192,6,0)),0,VLOOKUP(L68,'MASTER DATA'!$A$1:$F$192,6,0))*AE68 -> 770 | AI68: =VLOOKUP($D68,'warehouse mapping'!$AN$7:$AO$17,2,0) -> Aktif | AJ68: =IF(AF68=0,1,0) -> 0 | AK68: =IF(AND(AJ68=1,AI68="aktif"),D68,"") | AL68: Fluidbag | AM68: =COUNTIF($H$5:$H$2564,H68) -> 1 | AN68: =ISNUMBER(V68) -> TRUE
A69: =H69&L69 -> CA07C01550025043 | B69: =R69+S69 -> 0 | C69: =T69+U69 -> 0 | D69: =LEFT(H69,2) -> CA | E69: =MID(H69,3,2) -> 07 | F69: =MID(H69,5,1) -> C | G69: =RIGHT(H69,2) -> 01 | H69: CA07C01 | I69: 12690046 | J69: 46272 | K69: 47703 | L69: 550025043 | M69: =IF(ISNA(VLOOKUP(L69,'MASTER DATA'!$A$1:$B$192,2,0)),"",VLOOKUP(L69,'MASTER DATA'!$A$1:$B$192,2,0)) -> Spirax S2 A 80W-90_1*209L_A227 | N69: 0 | O69: =(V69-P69)/Q69 -> 0 | P69: =MOD(V69,Q69) -> 0 | Q69: =VLOOKUP(L69,'MASTER DATA'!$A$1:$E$192,5,0) -> 4 | R69: =SUMIF('picking of the day'!$H$4:$H$358,WMS!H69&WMS!L69,'picking of the day'!$E$4:$E$358) -> 0 | U69: =IF(ISNA(VLOOKUP(H69,'data putaway'!$A$1:$E$530,3,0)),0,VLOOKUP(H69,'data putaway'!$A$1:$E$530,3,0)) -> 0 | V69: =(N69+T69+U69)-(R69+S69) -> 0 | W69: =IF(ISNA(VLOOKUP(H69,'data putaway'!$A$1:$E$530,2,0)),0,VLOOKUP(H69,'data putaway'!$A$1:$E$530,2,0)) -> 0 | X69: =W69=L69 -> FALSE | Y69: =IF(ISNA(VLOOKUP(H69,'data putaway'!$A$1:$E$530,4,0)),0,VLOOKUP(H69,'data putaway'!$A$1:$E$530,4,0)) -> 0 | Z69: =IF(ISNA(VLOOKUP(H69,'data putaway'!$A$1:$E$530,5,0)),0,VLOOKUP(H69,'data putaway'!$A$1:$E$530,5,0)) -> 0 | AA69: =Y69=I69 -> FALSE | AB69: =Z69=K69 -> FALSE | AC69: =IF(J69="","",DATEDIF(J69,NOW(),"ym")&" Month"&", "&DATEDIF(J69,NOW(),"md")&" Days") -> 0 Month, 11 Days | AD69: =IF(K69="","",DATEDIF(NOW(),K69,"y")&" Year"&", "&DATEDIF(NOW(),K69,"ym")&" Month"&", "&DATEDIF(NOW(),K69,"md")&" Days") -> 3 Year, 10 Month, 21 Days | AE69: =N69+U69 -> 0 | AF69: =IF(V69>0,1,0) -> 0 | AG69: =D69&E69 -> CA07 | AH69: =IF(ISNA(VLOOKUP(L69,'MASTER DATA'!$A$1:$F$192,6,0)),0,VLOOKUP(L69,'MASTER DATA'!$A$1:$F$192,6,0))*AE69 -> 0 | AI69: =VLOOKUP($D69,'warehouse mapping'!$AN$7:$AO$17,2,0) -> Aktif | AJ69: =IF(AF69=0,1,0) -> 1 | AK69: =IF(AND(AJ69=1,AI69="aktif"),D69,"") -> CA | AL69: CAR | AM69: =COUNTIF($H$5:$H$2564,H69) -> 1 | AN69: =ISNUMBER(V69) -> TRUE
A70: =H70&L70 -> CA07C02550025043 | B70: =R70+S70 -> 0 | C70: =T70+U70 -> 0 | D70: =LEFT(H70,2) -> CA | E70: =MID(H70,3,2) -> 07 | F70: =MID(H70,5,1) -> C | G70: =RIGHT(H70,2) -> 02 | H70: CA07C02 | I70: 12690046 | J70: 46272 | K70: 47703 | L70: 550025043 | M70: =IF(ISNA(VLOOKUP(L70,'MASTER DATA'!$A$1:$B$192,2,0)),"",VLOOKUP(L70,'MASTER DATA'!$A$1:$B$192,2,0)) -> Spirax S2 A 80W-90_1*209L_A227 | N70: 0 | O70: =(V70-P70)/Q70 -> 0 | P70: =MOD(V70,Q70) -> 0 | Q70: =VLOOKUP(L70,'MASTER DATA'!$A$1:$E$192,5,0) -> 4 | R70: =SUMIF('picking of the day'!$H$4:$H$358,WMS!H70&WMS!L70,'picking of the day'!$E$4:$E$358) -> 0 | U70: =IF(ISNA(VLOOKUP(H70,'data putaway'!$A$1:$E$530,3,0)),0,VLOOKUP(H70,'data putaway'!$A$1:$E$530,3,0)) -> 0 | V70: =(N70+T70+U70)-(R70+S70) -> 0 | W70: =IF(ISNA(VLOOKUP(H70,'data putaway'!$A$1:$E$530,2,0)),0,VLOOKUP(H70,'data putaway'!$A$1:$E$530,2,0)) -> 0 | X70: =W70=L70 -> FALSE | Y70: =IF(ISNA(VLOOKUP(H70,'data putaway'!$A$1:$E$530,4,0)),0,VLOOKUP(H70,'data putaway'!$A$1:$E$530,4,0)) -> 0 | Z70: =IF(ISNA(VLOOKUP(H70,'data putaway'!$A$1:$E$530,5,0)),0,VLOOKUP(H70,'data putaway'!$A$1:$E$530,5,0)) -> 0 | AA70: =Y70=I70 -> FALSE | AB70: =Z70=K70 -> FALSE | AC70: =IF(J70="","",DATEDIF(J70,NOW(),"ym")&" Month"&", "&DATEDIF(J70,NOW(),"md")&" Days") -> 0 Month, 11 Days | AD70: =IF(K70="","",DATEDIF(NOW(),K70,"y")&" Year"&", "&DATEDIF(NOW(),K70,"ym")&" Month"&", "&DATEDIF(NOW(),K70,"md")&" Days") -> 3 Year, 10 Month, 21 Days | AE70: =N70+U70 -> 0 | AF70: =IF(V70>0,1,0) -> 0 | AG70: =D70&E70 -> CA07 | AH70: =IF(ISNA(VLOOKUP(L70,'MASTER DATA'!$A$1:$F$192,6,0)),0,VLOOKUP(L70,'MASTER DATA'!$A$1:$F$192,6,0))*AE70 -> 0 | AI70: =VLOOKUP($D70,'warehouse mapping'!$AN$7:$AO$17,2,0) -> Aktif | AJ70: =IF(AF70=0,1,0) -> 1 | AK70: =IF(AND(AJ70=1,AI70="aktif"),D70,"") -> CA | AL70: CAR | AM70: =COUNTIF($H$5:$H$2564,H70) -> 1 | AN70: =ISNUMBER(V70) -> TRUE
A71: =H71&L71 -> CA07D01550070614 | B71: =R71+S71 -> 0 | C71: =T71+U71 -> 0 | D71: =LEFT(H71,2) -> CA | E71: =MID(H71,3,2) -> 07 | F71: =MID(H71,5,1) -> D | G71: =RIGHT(H71,2) -> 01 | H71: CA07D01 | I71: 20H26JJ | J71: 46272 | K71: 47715 | L71: 550070614 | M71: =IF(ISNA(VLOOKUP(L71,'MASTER DATA'!$A$1:$B$192,2,0)),"",VLOOKUP(L71,'MASTER DATA'!$A$1:$B$192,2,0)) -> HlxHX610W40SP_4*4L_A04W | N71: 36 | O71: =(V71-P71)/Q71 -> 1 | P71: =MOD(V71,Q71) -> 0 | Q71: =VLOOKUP(L71,'MASTER DATA'!$A$1:$E$192,5,0) -> 36 | R71: =SUMIF('picking of the day'!$H$4:$H$358,WMS!H71&WMS!L71,'picking of the day'!$E$4:$E$358) -> 0 | U71: =IF(ISNA(VLOOKUP(H71,'data putaway'!$A$1:$E$530,3,0)),0,VLOOKUP(H71,'data putaway'!$A$1:$E$530,3,0)) -> 0 | V71: =(N71+T71+U71)-(R71+S71) -> 36 | W71: =IF(ISNA(VLOOKUP(H71,'data putaway'!$A$1:$E$530,2,0)),0,VLOOKUP(H71,'data putaway'!$A$1:$E$530,2,0)) -> 0 | X71: =W71=L71 -> FALSE | Y71: =IF(ISNA(VLOOKUP(H71,'data putaway'!$A$1:$E$530,4,0)),0,VLOOKUP(H71,'data putaway'!$A$1:$E$530,4,0)) -> 0 | Z71: =IF(ISNA(VLOOKUP(H71,'data putaway'!$A$1:$E$530,5,0)),0,VLOOKUP(H71,'data putaway'!$A$1:$E$530,5,0)) -> 0 | AA71: =Y71=I71 -> FALSE | AB71: =Z71=K71 -> FALSE | AC71: =IF(J71="","",DATEDIF(J71,NOW(),"ym")&" Month"&", "&DATEDIF(J71,NOW(),"md")&" Days") -> 0 Month, 11 Days | AD71: =IF(K71="","",DATEDIF(NOW(),K71,"y")&" Year"&", "&DATEDIF(NOW(),K71,"ym")&" Month"&", "&DATEDIF(NOW(),K71,"md")&" Days") -> 3 Year, 11 Month, 2 Days | AE71: =N71+U71 -> 36 | AF71: =IF(V71>0,1,0) -> 1 | AG71: =D71&E71 -> CA07 | AH71: =IF(ISNA(VLOOKUP(L71,'MASTER DATA'!$A$1:$F$192,6,0)),0,VLOOKUP(L71,'MASTER DATA'!$A$1:$F$192,6,0))*AE71 -> 576 | AI71: =VLOOKUP($D71,'warehouse mapping'!$AN$7:$AO$17,2,0) -> Aktif | AJ71: =IF(AF71=0,1,0) -> 0 | AK71: =IF(AND(AJ71=1,AI71="aktif"),D71,"") | AL71: CAR | AM71: =COUNTIF($H$5:$H$2564,H71) -> 1 | AN71: =ISNUMBER(V71) -> TRUE
A72: =H72&L72 -> CA07D02550070614 | B72: =R72+S72 -> 0 | C72: =T72+U72 -> 0 | D72: =LEFT(H72,2) -> CA | E72: =MID(H72,3,2) -> 07 | F72: =MID(H72,5,1) -> D | G72: =RIGHT(H72,2) -> 02 | H72: CA07D02 | I72: 20H26JJ | J72: 46272 | K72: 47715 | L72: 550070614 | M72: =IF(ISNA(VLOOKUP(L72,'MASTER DATA'!$A$1:$B$192,2,0)),"",VLOOKUP(L72,'MASTER DATA'!$A$1:$B$192,2,0)) -> HlxHX610W40SP_4*4L_A04W | N72: 36 | O72: =(V72-P72)/Q72 -> 1 | P72: =MOD(V72,Q72) -> 0 | Q72: =VLOOKUP(L72,'MASTER DATA'!$A$1:$E$192,5,0) -> 36 | R72: =SUMIF('picking of the day'!$H$4:$H$358,WMS!H72&WMS!L72,'picking of the day'!$E$4:$E$358) -> 0 | U72: =IF(ISNA(VLOOKUP(H72,'data putaway'!$A$1:$E$530,3,0)),0,VLOOKUP(H72,'data putaway'!$A$1:$E$530,3,0)) -> 0 | V72: =(N72+T72+U72)-(R72+S72) -> 36 | W72: =IF(ISNA(VLOOKUP(H72,'data putaway'!$A$1:$E$530,2,0)),0,VLOOKUP(H72,'data putaway'!$A$1:$E$530,2,0)) -> 0 | X72: =W72=L72 -> FALSE | Y72: =IF(ISNA(VLOOKUP(H72,'data putaway'!$A$1:$E$530,4,0)),0,VLOOKUP(H72,'data putaway'!$A$1:$E$530,4,0)) -> 0 | Z72: =IF(ISNA(VLOOKUP(H72,'data putaway'!$A$1:$E$530,5,0)),0,VLOOKUP(H72,'data putaway'!$A$1:$E$530,5,0)) -> 0 | AA72: =Y72=I72 -> FALSE | AB72: =Z72=K72 -> FALSE | AC72: =IF(J72="","",DATEDIF(J72,NOW(),"ym")&" Month"&", "&DATEDIF(J72,NOW(),"md")&" Days") -> 0 Month, 11 Days | AD72: =IF(K72="","",DATEDIF(NOW(),K72,"y")&" Year"&", "&DATEDIF(NOW(),K72,"ym")&" Month"&", "&DATEDIF(NOW(),K72,"md")&" Days") -> 3 Year, 11 Month, 2 Days | AE72: =N72+U72 -> 36 | AF72: =IF(V72>0,1,0) -> 1 | AG72: =D72&E72 -> CA07 | AH72: =IF(ISNA(VLOOKUP(L72,'MASTER DATA'!$A$1:$F$192,6,0)),0,VLOOKUP(L72,'MASTER DATA'!$A$1:$F$192,6,0))*AE72 -> 576 | AI72: =VLOOKUP($D72,'warehouse mapping'!$AN$7:$AO$17,2,0) -> Aktif | AJ72: =IF(AF72=0,1,0) -> 0 | AK72: =IF(AND(AJ72=1,AI72="aktif"),D72,"") | AL72: CAR | AM72: =COUNTIF($H$5:$H$2564,H72) -> 1 | AN72: =ISNUMBER(V72) -> TRUE
A73: =H73&L73 -> CA07E01550070612 | B73: =R73+S73 -> 0 | C73: =T73+U73 -> 0 | D73: =LEFT(H73,2) -> CA | E73: =MID(H73,3,2) -> 07 | F73: =MID(H73,5,1) -> E | G73: =RIGHT(H73,2) -> 01 | H73: CA07E01 | I73: 19H26JJ | J73: 46263 | K73: 47714 | L73: 550070612 | M73: =IF(ISNA(VLOOKUP(L73,'MASTER DATA'!$A$1:$B$192,2,0)),"",VLOOKUP(L73,'MASTER DATA'!$A$1:$B$192,2,0)) -> HlxHX610W40SP_12*1L_A04W | N73: 44 | O73: =(V73-P73)/Q73 -> 1 | P73: =MOD(V73,Q73) -> 0 | Q73: =VLOOKUP(L73,'MASTER DATA'!$A$1:$E$192,5,0) -> 44 | R73: =SUMIF('picking of the day'!$H$4:$H$358,WMS!H73&WMS!L73,'picking of the day'!$E$4:$E$358) -> 0 | U73: =IF(ISNA(VLOOKUP(H73,'data putaway'!$A$1:$E$530,3,0)),0,VLOOKUP(H73,'data putaway'!$A$1:$E$530,3,0)) -> 0 | V73: =(N73+T73+U73)-(R73+S73) -> 44 | W73: =IF(ISNA(VLOOKUP(H73,'data putaway'!$A$1:$E$530,2,0)),0,VLOOKUP(H73,'data putaway'!$A$1:$E$530,2,0)) -> 0 | X73: =W73=L73 -> FALSE | Y73: =IF(ISNA(VLOOKUP(H73,'data putaway'!$A$1:$E$530,4,0)),0,VLOOKUP(H73,'data putaway'!$A$1:$E$530,4,0)) -> 0 | Z73: =IF(ISNA(VLOOKUP(H73,'data putaway'!$A$1:$E$530,5,0)),0,VLOOKUP(H73,'data putaway'!$A$1:$E$530,5,0)) -> 0 | AA73: =Y73=I73 -> FALSE | AB73: =Z73=K73 -> FALSE | AC73: =IF(J73="","",DATEDIF(J73,NOW(),"ym")&" Month"&", "&DATEDIF(J73,NOW(),"md")&" Days") -> 0 Month, 20 Days | AD73: =IF(K73="","",DATEDIF(NOW(),K73,"y")&" Year"&", "&DATEDIF(NOW(),K73,"ym")&" Month"&", "&DATEDIF(NOW(),K73,"md")&" Days") -> 3 Year, 11 Month, 1 Days | AE73: =N73+U73 -> 44 | AF73: =IF(V73>0,1,0) -> 1 | AG73: =D73&E73 -> CA07 | AH73: =IF(ISNA(VLOOKUP(L73,'MASTER DATA'!$A$1:$F$192,6,0)),0,VLOOKUP(L73,'MASTER DATA'!$A$1:$F$192,6,0))*AE73 -> 528 | AI73: =VLOOKUP($D73,'warehouse mapping'!$AN$7:$AO$17,2,0) -> Aktif | AJ73: =IF(AF73=0,1,0) -> 0 | AK73: =IF(AND(AJ73=1,AI73="aktif"),D73,"") | AL73: CAR | AM73: =COUNTIF($H$5:$H$2564,H73) -> 1 | AN73: =ISNUMBER(V73) -> TRUE
A74: =H74&L74 -> CA07E02550070612 | B74: =R74+S74 -> 0 | C74: =T74+U74 -> 0 | D74: =LEFT(H74,2) -> CA | E74: =MID(H74,3,2) -> 07 | F74: =MID(H74,5,1) -> E | G74: =RIGHT(H74,2) -> 02 | H74: CA07E02 | I74: 19H26JJ | J74: 46263 | K74: 47714 | L74: 550070612 | M74: =IF(ISNA(VLOOKUP(L74,'MASTER DATA'!$A$1:$B$192,2,0)),"",VLOOKUP(L74,'MASTER DATA'!$A$1:$B$192,2,0)) -> HlxHX610W40SP_12*1L_A04W | N74: 44 | O74: =(V74-P74)/Q74 -> 1 | P74: =MOD(V74,Q74) -> 0 | Q74: =VLOOKUP(L74,'MASTER DATA'!$A$1:$E$192,5,0) -> 44 | R74: =SUMIF('picking of the day'!$H$4:$H$358,WMS!H74&WMS!L74,'picking of the day'!$E$4:$E$358) -> 0 | U74: =IF(ISNA(VLOOKUP(H74,'data putaway'!$A$1:$E$530,3,0)),0,VLOOKUP(H74,'data putaway'!$A$1:$E$530,3,0)) -> 0 | V74: =(N74+T74+U74)-(R74+S74) -> 44 | W74: =IF(ISNA(VLOOKUP(H74,'data putaway'!$A$1:$E$530,2,0)),0,VLOOKUP(H74,'data putaway'!$A$1:$E$530,2,0)) -> 0 | X74: =W74=L74 -> FALSE | Y74: =IF(ISNA(VLOOKUP(H74,'data putaway'!$A$1:$E$530,4,0)),0,VLOOKUP(H74,'data putaway'!$A$1:$E$530,4,0)) -> 0 | Z74: =IF(ISNA(VLOOKUP(H74,'data putaway'!$A$1:$E$530,5,0)),0,VLOOKUP(H74,'data putaway'!$A$1:$E$530,5,0)) -> 0 | AA74: =Y74=I74 -> FALSE | AB74: =Z74=K74 -> FALSE | AC74: =IF(J74="","",DATEDIF(J74,NOW(),"ym")&" Month"&", "&DATEDIF(J74,NOW(),"md")&" Days") -> 0 Month, 20 Days | AD74: =IF(K74="","",DATEDIF(NOW(),K74,"y")&" Year"&", "&DATEDIF(NOW(),K74,"ym")&" Month"&", "&DATEDIF(NOW(),K74,"md")&" Days") -> 3 Year, 11 Month, 1 Days | AE74: =N74+U74 -> 44 | AF74: =IF(V74>0,1,0) -> 1 | AG74: =D74&E74 -> CA07 | AH74: =IF(ISNA(VLOOKUP(L74,'MASTER DATA'!$A$1:$F$192,6,0)),0,VLOOKUP(L74,'MASTER DATA'!$A$1:$F$192,6,0))*AE74 -> 528 | AI74: =VLOOKUP($D74,'warehouse mapping'!$AN$7:$AO$17,2,0) -> Aktif | AJ74: =IF(AF74=0,1,0) -> 0 | AK74: =IF(AND(AJ74=1,AI74="aktif"),D74,"") | AL74: CAR | AM74: =COUNTIF($H$5:$H$2564,H74) -> 1 | AN74: =ISNUMBER(V74) -> TRUE
A75: =H75&L75 -> CA08A01550062285 | B75: =R75+S75 -> 0 | C75: =T75+U75 -> 0 | D75: =LEFT(H75,2) -> CA | E75: =MID(H75,3,2) -> 08 | F75: =MID(H75,5,1) -> A | G75: =RIGHT(H75,2) -> 01 | H75: CA08A01 | I75: 12619965 | J75: 46112 | K75: 47542 | L75: 550062285 | M75: =IF(ISNA(VLOOKUP(L75,'MASTER DATA'!$A$1:$B$192,2,0)),"",VLOOKUP(L75,'MASTER DATA'!$A$1:$B$192,2,0)) -> Gadus S3 V460DM 2_1*770kg_A227 | N75: 1 | O75: =(V75-P75)/Q75 -> 1 | P75: =MOD(V75,Q75) -> 0 | Q75: =VLOOKUP(L75,'MASTER DATA'!$A$1:$E$192,5,0) -> 1 | R75: =SUMIF('picking of the day'!$H$4:$H$358,WMS!H75&WMS!L75,'picking of the day'!$E$4:$E$358) -> 0 | U75: =IF(ISNA(VLOOKUP(H75,'data putaway'!$A$1:$E$530,3,0)),0,VLOOKUP(H75,'data putaway'!$A$1:$E$530,3,0)) -> 0 | V75: =(N75+T75+U75)-(R75+S75) -> 1 | W75: =IF(ISNA(VLOOKUP(H75,'data putaway'!$A$1:$E$530,2,0)),0,VLOOKUP(H75,'data putaway'!$A$1:$E$530,2,0)) -> 0 | X75: =W75=L75 -> FALSE | Y75: =IF(ISNA(VLOOKUP(H75,'data putaway'!$A$1:$E$530,4,0)),0,VLOOKUP(H75,'data putaway'!$A$1:$E$530,4,0)) -> 0 | Z75: =IF(ISNA(VLOOKUP(H75,'data putaway'!$A$1:$E$530,5,0)),0,VLOOKUP(H75,'data putaway'!$A$1:$E$530,5,0)) -> 0 | AA75: =Y75=I75 -> FALSE | AB75: =Z75=K75 -> FALSE | AC75: =IF(J75="","",DATEDIF(J75,NOW(),"ym")&" Month"&", "&DATEDIF(J75,NOW(),"md")&" Days") -> 5 Month, 18 Days | AD75: =IF(K75="","",DATEDIF(NOW(),K75,"y")&" Year"&", "&DATEDIF(NOW(),K75,"ym")&" Month"&", "&DATEDIF(NOW(),K75,"md")&" Days") -> 3 Year, 5 Month, 10 Days | AE75: =N75+U75 -> 1 | AF75: =IF(V75>0,1,0) -> 1 | AG75: =D75&E75 -> CA08 | AH75: =IF(ISNA(VLOOKUP(L75,'MASTER DATA'!$A$1:$F$192,6,0)),0,VLOOKUP(L75,'MASTER DATA'!$A$1:$F$192,6,0))*AE75 -> 770 | AI75: =VLOOKUP($D75,'warehouse mapping'!$AN$7:$AO$17,2,0) -> Aktif | AJ75: =IF(AF75=0,1,0) -> 0 | AK75: =IF(AND(AJ75=1,AI75="aktif"),D75,"") | AL75: Fluidbag | AM75: =COUNTIF($H$5:$H$2564,H75) -> 1 | AN75: =ISNUMBER(V75) -> TRUE
A76: =H76&L76 -> CA08A02550062285 | B76: =R76+S76 -> 0 | C76: =T76+U76 -> 0 | D76: =LEFT(H76,2) -> CA | E76: =MID(H76,3,2) -> 08 | F76: =MID(H76,5,1) -> A | G76: =RIGHT(H76,2) -> 02 | H76: CA08A02 | I76: 12619965 | J76: 46112 | K76: 47542 | L76: 550062285 | M76: =IF(ISNA(VLOOKUP(L76,'MASTER DATA'!$A$1:$B$192,2,0)),"",VLOOKUP(L76,'MASTER DATA'!$A$1:$B$192,2,0)) -> Gadus S3 V460DM 2_1*770kg_A227 | N76: 1 | O76: =(V76-P76)/Q76 -> 1 | P76: =MOD(V76,Q76) -> 0 | Q76: =VLOOKUP(L76,'MASTER DATA'!$A$1:$E$192,5,0) -> 1 | R76: =SUMIF('picking of the day'!$H$4:$H$358,WMS!H76&WMS!L76,'picking of the day'!$E$4:$E$358) -> 0 | U76: =IF(ISNA(VLOOKUP(H76,'data putaway'!$A$1:$E$530,3,0)),0,VLOOKUP(H76,'data putaway'!$A$1:$E$530,3,0)) -> 0 | V76: =(N76+T76+U76)-(R76+S76) -> 1 | W76: =IF(ISNA(VLOOKUP(H76,'data putaway'!$A$1:$E$530,2,0)),0,VLOOKUP(H76,'data putaway'!$A$1:$E$530,2,0)) -> 0 | X76: =W76=L76 -> FALSE | Y76: =IF(ISNA(VLOOKUP(H76,'data putaway'!$A$1:$E$530,4,0)),0,VLOOKUP(H76,'data putaway'!$A$1:$E$530,4,0)) -> 0 | Z76: =IF(ISNA(VLOOKUP(H76,'data putaway'!$A$1:$E$530,5,0)),0,VLOOKUP(H76,'data putaway'!$A$1:$E$530,5,0)) -> 0 | AA76: =Y76=I76 -> FALSE | AB76: =Z76=K76 -> FALSE | AC76: =IF(J76="","",DATEDIF(J76,NOW(),"ym")&" Month"&", "&DATEDIF(J76,NOW(),"md")&" Days") -> 5 Month, 18 Days | AD76: =IF(K76="","",DATEDIF(NOW(),K76,"y")&" Year"&", "&DATEDIF(NOW(),K76,"ym")&" Month"&", "&DATEDIF(NOW(),K76,"md")&" Days") -> 3 Year, 5 Month, 10 Days | AE76: =N76+U76 -> 1 | AF76: =IF(V76>0,1,0) -> 1 | AG76: =D76&E76 -> CA08 | AH76: =IF(ISNA(VLOOKUP(L76,'MASTER DATA'!$A$1:$F$192,6,0)),0,VLOOKUP(L76,'MASTER DATA'!$A$1:$F$192,6,0))*AE76 -> 770 | AI76: =VLOOKUP($D76,'warehouse mapping'!$AN$7:$AO$17,2,0) -> Aktif | AJ76: =IF(AF76=0,1,0) -> 0 | AK76: =IF(AND(AJ76=1,AI76="aktif"),D76,"") | AL76: Fluidbag | AM76: =COUNTIF($H$5:$H$2564,H76) -> 1 | AN76: =ISNUMBER(V76) -> TRUE
A77: =H77&L77 -> CA08B01550062285 | B77: =R77+S77 -> 0 | C77: =T77+U77 -> 0 | D77: =LEFT(H77,2) -> CA | E77: =MID(H77,3,2) -> 08 | F77: =MID(H77,5,1) -> B | G77: =RIGHT(H77,2) -> 01 | H77: CA08B01 | I77: 12619965 | J77: 46112 | K77: 47542 | L77: 550062285 | M77: =IF(ISNA(VLOOKUP(L77,'MASTER DATA'!$A$1:$B$192,2,0)),"",VLOOKUP(L77,'MASTER DATA'!$A$1:$B$192,2,0)) -> Gadus S3 V460DM 2_1*770kg_A227 | N77: 1 | O77: =(V77-P77)/Q77 -> 1 | P77: =MOD(V77,Q77) -> 0 | Q77: =VLOOKUP(L77,'MASTER DATA'!$A$1:$E$192,5,0) -> 1 | R77: =SUMIF('picking of the day'!$H$4:$H$358,WMS!H77&WMS!L77,'picking of the day'!$E$4:$E$358) -> 0 | U77: =IF(ISNA(VLOOKUP(H77,'data putaway'!$A$1:$E$530,3,0)),0,VLOOKUP(H77,'data putaway'!$A$1:$E$530,3,0)) -> 0 | V77: =(N77+T77+U77)-(R77+S77) -> 1 | W77: =IF(ISNA(VLOOKUP(H77,'data putaway'!$A$1:$E$530,2,0)),0,VLOOKUP(H77,'data putaway'!$A$1:$E$530,2,0)) -> 0 | X77: =W77=L77 -> FALSE | Y77: =IF(ISNA(VLOOKUP(H77,'data putaway'!$A$1:$E$530,4,0)),0,VLOOKUP(H77,'data putaway'!$A$1:$E$530,4,0)) -> 0 | Z77: =IF(ISNA(VLOOKUP(H77,'data putaway'!$A$1:$E$530,5,0)),0,VLOOKUP(H77,'data putaway'!$A$1:$E$530,5,0)) -> 0 | AA77: =Y77=I77 -> FALSE | AB77: =Z77=K77 -> FALSE | AC77: =IF(J77="","",DATEDIF(J77,NOW(),"ym")&" Month"&", "&DATEDIF(J77,NOW(),"md")&" Days") -> 5 Month, 18 Days | AD77: =IF(K77="","",DATEDIF(NOW(),K77,"y")&" Year"&", "&DATEDIF(NOW(),K77,"ym")&" Month"&", "&DATEDIF(NOW(),K77,"md")&" Days") -> 3 Year, 5 Month, 10 Days | AE77: =N77+U77 -> 1 | AF77: =IF(V77>0,1,0) -> 1 | AG77: =D77&E77 -> CA08 | AH77: =IF(ISNA(VLOOKUP(L77,'MASTER DATA'!$A$1:$F$192,6,0)),0,VLOOKUP(L77,'MASTER DATA'!$A$1:$F$192,6,0))*AE77 -> 770 | AI77: =VLOOKUP($D77,'warehouse mapping'!$AN$7:$AO$17,2,0) -> Aktif | AJ77: =IF(AF77=0,1,0) -> 0 | AK77: =IF(AND(AJ77=1,AI77="aktif"),D77,"") | AL77: Fluidbag | AM77: =COUNTIF($H$5:$H$2564,H77) -> 1 | AN77: =ISNUMBER(V77) -> TRUE
A78: =H78&L78 -> CA08B02550062285 | B78: =R78+S78 -> 0 | C78: =T78+U78 -> 0 | D78: =LEFT(H78,2) -> CA | E78: =MID(H78,3,2) -> 08 | F78: =MID(H78,5,1) -> B | G78: =RIGHT(H78,2) -> 02 | H78: CA08B02 | I78: 12619965 | J78: 46112 | K78: 47542 | L78: 550062285 | M78: =IF(ISNA(VLOOKUP(L78,'MASTER DATA'!$A$1:$B$192,2,0)),"",VLOOKUP(L78,'MASTER DATA'!$A$1:$B$192,2,0)) -> Gadus S3 V460DM 2_1*770kg_A227 | N78: 1 | O78: =(V78-P78)/Q78 -> 1 | P78: =MOD(V78,Q78) -> 0 | Q78: =VLOOKUP(L78,'MASTER DATA'!$A$1:$E$192,5,0) -> 1 | R78: =SUMIF('picking of the day'!$H$4:$H$358,WMS!H78&WMS!L78,'picking of the day'!$E$4:$E$358) -> 0 | U78: =IF(ISNA(VLOOKUP(H78,'data putaway'!$A$1:$E$530,3,0)),0,VLOOKUP(H78,'data putaway'!$A$1:$E$530,3,0)) -> 0 | V78: =(N78+T78+U78)-(R78+S78) -> 1 | W78: =IF(ISNA(VLOOKUP(H78,'data putaway'!$A$1:$E$530,2,0)),0,VLOOKUP(H78,'data putaway'!$A$1:$E$530,2,0)) -> 0 | X78: =W78=L78 -> FALSE | Y78: =IF(ISNA(VLOOKUP(H78,'data putaway'!$A$1:$E$530,4,0)),0,VLOOKUP(H78,'data putaway'!$A$1:$E$530,4,0)) -> 0 | Z78: =IF(ISNA(VLOOKUP(H78,'data putaway'!$A$1:$E$530,5,0)),0,VLOOKUP(H78,'data putaway'!$A$1:$E$530,5,0)) -> 0 | AA78: =Y78=I78 -> FALSE | AB78: =Z78=K78 -> FALSE | AC78: =IF(J78="","",DATEDIF(J78,NOW(),"ym")&" Month"&", "&DATEDIF(J78,NOW(),"md")&" Days") -> 5 Month, 18 Days | AD78: =IF(K78="","",DATEDIF(NOW(),K78,"y")&" Year"&", "&DATEDIF(NOW(),K78,"ym")&" Month"&", "&DATEDIF(NOW(),K78,"md")&" Days") -> 3 Year, 5 Month, 10 Days | AE78: =N78+U78 -> 1 | AF78: =IF(V78>0,1,0) -> 1 | AG78: =D78&E78 -> CA08 | AH78: =IF(ISNA(VLOOKUP(L78,'MASTER DATA'!$A$1:$F$192,6,0)),0,VLOOKUP(L78,'MASTER DATA'!$A$1:$F$192,6,0))*AE78 -> 770 | AI78: =VLOOKUP($D78,'warehouse mapping'!$AN$7:$AO$17,2,0) -> Aktif | AJ78: =IF(AF78=0,1,0) -> 0 | AK78: =IF(AND(AJ78=1,AI78="aktif"),D78,"") | AL78: Fluidbag | AM78: =COUNTIF($H$5:$H$2564,H78) -> 1 | AN78: =ISNUMBER(V78) -> TRUE
A79: =H79&L79 -> CA08C01550062464 | B79: =R79+S79 -> 0 | C79: =T79+U79 -> 0 | D79: =LEFT(H79,2) -> CA | E79: =MID(H79,3,2) -> 08 | F79: =MID(H79,5,1) -> C | G79: =RIGHT(H79,2) -> 01 | H79: CA08C01 | I79: 17H26JJ | J79: 46261 | K79: 47712 | L79: 550062464 | M79: =IF(ISNA(VLOOKUP(L79,'MASTER DATA'!$A$1:$B$192,2,0)),"",VLOOKUP(L79,'MASTER DATA'!$A$1:$B$192,2,0)) -> Adv4TAX7Sc10W30SNMB_12*0.8L_A04W | N79: 48 | O79: =(V79-P79)/Q79 -> 1 | P79: =MOD(V79,Q79) -> 0 | Q79: =VLOOKUP(L79,'MASTER DATA'!$A$1:$E$192,5,0) -> 48 | R79: =SUMIF('picking of the day'!$H$4:$H$358,WMS!H79&WMS!L79,'picking of the day'!$E$4:$E$358) -> 0 | U79: =IF(ISNA(VLOOKUP(H79,'data putaway'!$A$1:$E$530,3,0)),0,VLOOKUP(H79,'data putaway'!$A$1:$E$530,3,0)) -> 0 | V79: =(N79+T79+U79)-(R79+S79) -> 48 | W79: =IF(ISNA(VLOOKUP(H79,'data putaway'!$A$1:$E$530,2,0)),0,VLOOKUP(H79,'data putaway'!$A$1:$E$530,2,0)) -> 0 | X79: =W79=L79 -> FALSE | Y79: =IF(ISNA(VLOOKUP(H79,'data putaway'!$A$1:$E$530,4,0)),0,VLOOKUP(H79,'data putaway'!$A$1:$E$530,4,0)) -> 0 | Z79: =IF(ISNA(VLOOKUP(H79,'data putaway'!$A$1:$E$530,5,0)),0,VLOOKUP(H79,'data putaway'!$A$1:$E$530,5,0)) -> 0 | AA79: =Y79=I79 -> FALSE | AB79: =Z79=K79 -> FALSE | AC79: =IF(J79="","",DATEDIF(J79,NOW(),"ym")&" Month"&", "&DATEDIF(J79,NOW(),"md")&" Days") -> 0 Month, 22 Days | AD79: =IF(K79="","",DATEDIF(NOW(),K79,"y")&" Year"&", "&DATEDIF(NOW(),K79,"ym")&" Month"&", "&DATEDIF(NOW(),K79,"md")&" Days") -> 3 Year, 10 Month, 30 Days | AE79: =N79+U79 -> 48 | AF79: =IF(V79>0,1,0) -> 1 | AG79: =D79&E79 -> CA08 | AH79: =IF(ISNA(VLOOKUP(L79,'MASTER DATA'!$A$1:$F$192,6,0)),0,VLOOKUP(L79,'MASTER DATA'!$A$1:$F$192,6,0))*AE79 -> 460.8 | AI79: =VLOOKUP($D79,'warehouse mapping'!$AN$7:$AO$17,2,0) -> Aktif | AJ79: =IF(AF79=0,1,0) -> 0 | AK79: =IF(AND(AJ79=1,AI79="aktif"),D79,"") | AL79: CAR | AM79: =COUNTIF($H$5:$H$2564,H79) -> 1 | AN79: =ISNUMBER(V79) -> TRUE
A80: =H80&L80 -> CA08C02550025043 | B80: =R80+S80 -> 0 | C80: =T80+U80 -> 0 | D80: =LEFT(H80,2) -> CA | E80: =MID(H80,3,2) -> 08 | F80: =MID(H80,5,1) -> C | G80: =RIGHT(H80,2) -> 02 | H80: CA08C02 | I80: 12690046 | J80: 46272 | K80: 47703 | L80: 550025043 | M80: =IF(ISNA(VLOOKUP(L80,'MASTER DATA'!$A$1:$B$192,2,0)),"",VLOOKUP(L80,'MASTER DATA'!$A$1:$B$192,2,0)) -> Spirax S2 A 80W-90_1*209L_A227 | N80: 0 | O80: =(V80-P80)/Q80 -> 0 | P80: =MOD(V80,Q80) -> 0 | Q80: =VLOOKUP(L80,'MASTER DATA'!$A$1:$E$192,5,0) -> 4 | R80: =SUMIF('picking of the day'!$H$4:$H$358,WMS!H80&WMS!L80,'picking of the day'!$E$4:$E$358) -> 0 | U80: =IF(ISNA(VLOOKUP(H80,'data putaway'!$A$1:$E$530,3,0)),0,VLOOKUP(H80,'data putaway'!$A$1:$E$530,3,0)) -> 0 | V80: =(N80+T80+U80)-(R80+S80) -> 0 | W80: =IF(ISNA(VLOOKUP(H80,'data putaway'!$A$1:$E$530,2,0)),0,VLOOKUP(H80,'data putaway'!$A$1:$E$530,2,0)) -> 0 | X80: =W80=L80 -> FALSE | Y80: =IF(ISNA(VLOOKUP(H80,'data putaway'!$A$1:$E$530,4,0)),0,VLOOKUP(H80,'data putaway'!$A$1:$E$530,4,0)) -> 0 | Z80: =IF(ISNA(VLOOKUP(H80,'data putaway'!$A$1:$E$530,5,0)),0,VLOOKUP(H80,'data putaway'!$A$1:$E$530,5,0)) -> 0 | AA80: =Y80=I80 -> FALSE | AB80: =Z80=K80 -> FALSE | AC80: =IF(J80="","",DATEDIF(J80,NOW(),"ym")&" Month"&", "&DATEDIF(J80,NOW(),"md")&" Days") -> 0 Month, 11 Days | AD80: =IF(K80="","",DATEDIF(NOW(),K80,"y")&" Year"&", "&DATEDIF(NOW(),K80,"ym")&" Month"&", "&DATEDIF(NOW(),K80,"md")&" Days") -> 3 Year, 10 Month, 21 Days | AE80: =N80+U80 -> 0 | AF80: =IF(V80>0,1,0) -> 0 | AG80: =D80&E80 -> CA08 | AH80: =IF(ISNA(VLOOKUP(L80,'MASTER DATA'!$A$1:$F$192,6,0)),0,VLOOKUP(L80,'MASTER DATA'!$A$1:$F$192,6,0))*AE80 -> 0 | AI80: =VLOOKUP($D80,'warehouse mapping'!$AN$7:$AO$17,2,0) -> Aktif | AJ80: =IF(AF80=0,1,0) -> 1 | AK80: =IF(AND(AJ80=1,AI80="aktif"),D80,"") -> CA | AL80: Drum | AM80: =COUNTIF($H$5:$H$2564,H80) -> 1 | AN80: =ISNUMBER(V80) -> TRUE
A81: =H81&L81 -> CA08D01550070612 | B81: =R81+S81 -> 0 | C81: =T81+U81 -> 0 | D81: =LEFT(H81,2) -> CA | E81: =MID(H81,3,2) -> 08 | F81: =MID(H81,5,1) -> D | G81: =RIGHT(H81,2) -> 01 | H81: CA08D01 | I81: 19H26JJ | J81: 46263 | K81: 47714 | L81: 550070612 | M81: =IF(ISNA(VLOOKUP(L81,'MASTER DATA'!$A$1:$B$192,2,0)),"",VLOOKUP(L81,'MASTER DATA'!$A$1:$B$192,2,0)) -> HlxHX610W40SP_12*1L_A04W | N81: 44 | O81: =(V81-P81)/Q81 -> 1 | P81: =MOD(V81,Q81) -> 0 | Q81: =VLOOKUP(L81,'MASTER DATA'!$A$1:$E$192,5,0) -> 44 | R81: =SUMIF('picking of the day'!$H$4:$H$358,WMS!H81&WMS!L81,'picking of the day'!$E$4:$E$358) -> 0 | U81: =IF(ISNA(VLOOKUP(H81,'data putaway'!$A$1:$E$530,3,0)),0,VLOOKUP(H81,'data putaway'!$A$1:$E$530,3,0)) -> 0 | V81: =(N81+T81+U81)-(R81+S81) -> 44 | W81: =IF(ISNA(VLOOKUP(H81,'data putaway'!$A$1:$E$530,2,0)),0,VLOOKUP(H81,'data putaway'!$A$1:$E$530,2,0)) -> 0 | X81: =W81=L81 -> FALSE | Y81: =IF(ISNA(VLOOKUP(H81,'data putaway'!$A$1:$E$530,4,0)),0,VLOOKUP(H81,'data putaway'!$A$1:$E$530,4,0)) -> 0 | Z81: =IF(ISNA(VLOOKUP(H81,'data putaway'!$A$1:$E$530,5,0)),0,VLOOKUP(H81,'data putaway'!$A$1:$E$530,5,0)) -> 0 | AA81: =Y81=I81 -> FALSE | AB81: =Z81=K81 -> FALSE | AC81: =IF(J81="","",DATEDIF(J81,NOW(),"ym")&" Month"&", "&DATEDIF(J81,NOW(),"md")&" Days") -> 0 Month, 20 Days | AD81: =IF(K81="","",DATEDIF(NOW(),K81,"y")&" Year"&", "&DATEDIF(NOW(),K81,"ym")&" Month"&", "&DATEDIF(NOW(),K81,"md")&" Days") -> 3 Year, 11 Month, 1 Days | AE81: =N81+U81 -> 44 | AF81: =IF(V81>0,1,0) -> 1 | AG81: =D81&E81 -> CA08 | AH81: =IF(ISNA(VLOOKUP(L81,'MASTER DATA'!$A$1:$F$192,6,0)),0,VLOOKUP(L81,'MASTER DATA'!$A$1:$F$192,6,0))*AE81 -> 528 | AI81: =VLOOKUP($D81,'warehouse mapping'!$AN$7:$AO$17,2,0) -> Aktif | AJ81: =IF(AF81=0,1,0) -> 0 | AK81: =IF(AND(AJ81=1,AI81="aktif"),D81,"") | AL81: CAR | AM81: =COUNTIF($H$5:$H$2564,H81) -> 1 | AN81: =ISNUMBER(V81) -> TRUE
